index,team,schedule_season,team_year,total_dvoa,weighted_dvoa,offense_dvoa,defense_dvoa,special_dvoa,off_def_difference
1,DAL,2021,DAL2021,30.9,34.6,13.6,-15.2,2.1,-1.6
2,BUF,2021,BUF2021,27.6,26.1,9.7,-18,-0.1,-8.3
3,TB,2021,TB2021,27.6,25.9,26.7,-3.3,-2.4,23.4
4,NE,2021,NE2021,23.3,31.2,10.5,-12.8,0,-2.3
5,LAR,2021,LAR2021,21.6,21.1,10.6,-8.5,2.5,2.1
6,SF,2021,SF2021,19.9,25.2,14.9,-7.4,-2.4,7.5
7,KC,2021,KC2021,17.3,24.1,18.1,4.5,3.7,22.6
8,GB,2021,GB2021,11.8,15.3,20.2,3.6,-4.9,23.8
9,SEA,2021,SEA2021,11.7,14.6,12.7,3.5,2.5,16.2
10,ARI,2021,ARI2021,11,0.9,3.2,-8.2,-0.4,-5
11,IND,2021,IND2021,9.8,13,4.4,-4.9,0.4,-0.5
12,LAC,2021,LAC2021,8.7,10.9,16,4.8,-2.4,20.8
13,CLE,2021,CLE2021,4.8,0.2,4.2,-2.5,-1.9,1.7
14,NO,2021,NO2021,4.7,-0.2,-10.6,-15,0.3,-25.6
15,PHI,2021,PHI2021,3.8,3.2,8.1,4.7,0.3,12.8
16,MIN,2021,MIN2021,2.6,-0.2,2.6,0.4,0.4,3
17,CIN,2021,CIN2021,-0.1,1.8,1.3,3,1.6,4.3
18,DEN,2021,DEN2021,-1.4,1.7,5.5,3,-3.9,8.5
19,BAL,2021,BAL2021,-2.7,-11,1.7,9.3,5,11
20,TEN,2021,TEN2021,-3,2.3,-4.2,-2.3,-1,-6.5
21,LV,2021,LV2021,-5,-2.3,-3.4,0.6,-0.9,-2.8
22,WAS,2021,WAS2021,-10.1,-9.2,-5.3,5.8,1,0.5
23,PIT,2021,PIT2021,-10.2,-12.5,-11,-0.6,0.2,-11.6
24,CHI,2021,CHI2021,-10.6,-6.6,-13.6,-0.9,2.1,-14.5
25,MIA,2021,MIA2021,-10.9,-5.6,-10.8,-2.9,-2.9,-13.7
26,NYJ,2021,NYJ2021,-18.6,-11.5,-8.3,14.4,4.1,6.1
27,CAR,2021,CAR2021,-24.2,-35.3,-22.8,-0.2,-1.6,-23
28,HOU,2021,HOU2021,-24.3,-21.2,-22,3.6,1.3,-18.4
29,DET,2021,DET2021,-27.2,-27.6,-17.7,10.8,1.3,-6.9
30,ATL,2021,ATL2021,-29.4,-19.5,-17.1,11.3,-1,-5.8
31,NYG,2021,NYG2021,-29.6,-39.4,-28.1,2.8,1.3,-25.3
32,JAX,2021,JAX2021,-31,-30.8,-15.1,11.7,-4.2,-3.4
33,NO,2020,NO2020,33.3,34.4,10.7,-19,3.6,-8.3
34,TB,2020,TB2020,31.5,33.6,19.8,-14.6,-2.9,5.2
35,GB,2020,GB2020,25.8,31.4,29.1,0.5,-2.7,29.6
36,BUF,2020,BUF2020,23.8,34.5,15.6,-2.2,5.9,13.4
37,SEA,2020,SEA2020,20.1,22,13.7,0.4,6.8,14.1
38,KC,2020,KC2020,19.6,19.5,23.9,4.9,0.5,28.8
39,BAL,2020,BAL2020,18.5,15.7,4.3,-6.9,7.4,-2.6
40,PIT,2020,PIT2020,16.8,13.4,-4.7,-20.2,1.3,-24.9
41,LAR,2020,LAR2020,15.4,14.1,4.4,-17,-6,-12.6
42,IND,2020,IND2020,14.2,13.5,2.7,-9.5,2,-6.8
43,SF,2020,SF2020,5.4,4.3,-2.5,-9.9,-2.1,-12.4
44,MIA,2020,MIA2020,4.6,3.6,-2.1,-3.3,3.3,-5.4
45,ARI,2020,ARI2020,3.6,1.2,-2.4,-6.6,-0.6,-9
46,TEN,2020,TEN2020,2.5,4.2,18.4,11.5,-4.4,29.9
47,CHI,2020,CHI2020,-0.6,1.7,-10.6,-7.5,2.6,-18.1
48,WAS,2020,WAS2020,-2.3,3.6,-21.8,-18.3,1.1,-40.1
49,ATL,2020,ATL2020,-3.6,0.2,-3.1,-0.1,-0.7,-3.2
50,CLE,2020,CLE2020,-5.7,-0.8,5.4,7.4,-3.7,12.8
51,LV,2020,LV2020,-6.2,-10,1.8,9.6,1.5,11.4
52,MIN,2020,MIN2020,-6.4,-13,6.3,3.4,-9.4,9.7
53,CAR,2020,CAR2020,-6.7,-10,-0.2,7.3,0.8,7.1
54,NE,2020,NE2020,-7.1,-7.7,-7.3,7.9,8.1,0.6
55,DAL,2020,DAL2020,-11.1,-10.9,-8.5,6,3.3,-2.5
56,HOU,2020,HOU2020,-12.6,-15.7,2.7,14.3,-1,17
57,NYG,2020,NYG2020,-13.8,-11.8,-11.8,3.7,1.7,-8.1
58,LAC,2020,LAC2020,-14.7,-17.4,1.5,4.4,-11.8,5.9
59,DET,2020,DET2020,-15.7,-21,0,17.7,1.9,17.7
60,PHI,2020,PHI2020,-18.8,-16.5,-16.9,0.2,-1.6,-16.7
61,DEN,2020,DEN2020,-21.9,-20.5,-20,-0.2,-2.1,-20.2
62,CIN,2020,CIN2020,-24.7,-23.7,-18.2,9.1,2.6,-9.1
63,JAX,2020,JAX2020,-28,-32.7,-12.6,15.2,-0.1,2.6
64,NYJ,2020,NYJ2020,-30.5,-30,-20.5,4.7,-5.3,-15.8
65,BAL,2019,BAL2019,41.2,48.2,28.2,-11.5,1.5,16.7
66,NO,2019,NO2019,32.7,42.2,22,-7.1,3.6,14.9
67,NE,2019,NE2019,30.7,19.5,4.3,-25.2,1.2,-20.9
68,KC,2019,KC2019,30.1,31.7,23.5,-2.6,4.1,20.9
69,SF,2019,SF2019,29,25.5,7.7,-20.3,1,-12.6
70,DAL,2019,DAL2019,19.9,14.2,24.5,0.7,-3.9,25.2
71,MIN,2019,MIN2019,17.9,18.1,4.8,-12.3,0.8,-7.5
72,SEA,2019,SEA2019,12.7,10.1,17.7,4.1,-0.9,21.8
73,GB,2019,GB2019,7.7,5.4,6.6,-0.9,0.1,5.7
74,TEN,2019,TEN2019,7.6,17.6,13,1.9,-3.5,14.9
75,PHI,2019,PHI2019,5.5,6,2.4,-3.1,0,-0.7
76,LAR,2019,LAR2019,5.3,4.7,0.6,-6.1,-1.5,-5.5
77,BUF,2019,BUF2019,1.6,7.4,-7.1,-9.9,-1.2,-17
78,TB,2019,TB2019,0.3,5.6,-7.4,-10.5,-2.8,-17.9
79,ATL,2019,ATL2019,-1.9,4.3,2.3,1.4,-2.9,3.7
80,HOU,2019,HOU2019,-2.2,-6.8,0.6,5.6,2.9,6.2
81,ARI,2019,ARI2019,-3.1,3,3.2,4,-2.4,7.2
82,CHI,2019,CHI2019,-3.1,-2.8,-9.9,-5.8,0.9,-15.7
83,PIT,2019,PIT2019,-5.8,-6,-25.1,-17.8,1.5,-42.9
84,IND,2019,IND2019,-6,-7.4,-3.4,3,0.4,-0.4
85,DET,2019,DET2019,-8.1,-15.2,-3,6.5,1.4,3.5
86,LAC,2019,LAC2019,-8.9,-7.5,3.5,7.2,-5.1,10.7
87,DEN,2019,DEN2019,-10.4,-8.5,-11.3,-2.8,-1.9,-14.1
88,CLE,2019,CLE2019,-10.6,-13.9,-4.8,6.6,0.8,1.8
89,LV,2019,LV2019,-12.7,-16.6,5.4,15.8,-2.3,21.2
90,NYJ,2019,NYJ2019,-17.7,-10.5,-25.4,-4.2,3.4,-29.6
91,NYG,2019,NYG2019,-18.6,-16.7,-7.4,11.5,0.3,4.1
92,JAX,2019,JAX2019,-19.4,-29.6,-9.9,12.3,2.7,2.4
93,CAR,2019,CAR2019,-26.5,-40.5,-14.4,8,-4.1,-6.4
94,WAS,2019,WAS2019,-26.9,-27.2,-20.7,8.9,2.7,-11.8
95,CIN,2019,CIN2019,-27.6,-20.9,-16.6,15.6,4.6,-1
96,MIA,2019,MIA2019,-38.8,-26.8,-14.5,23,-1.3,8.5
97,KC,2018,KC2018,33.2,29.4,35.4,7.7,5.6,43.1
98,NO,2018,NO2018,25.2,28.5,16.1,-7.3,1.7,8.8
99,LAR,2018,LAR2018,23.9,20.8,25,1,-0.2,26
100,LAC,2018,LAC2018,22.1,21.4,20.8,-4.1,-2.8,16.7
101,CHI,2018,CHI2018,19.1,20.1,-3.1,-25.4,-3.2,-28.5
102,BAL,2018,BAL2018,15.8,17.7,1.2,-11.7,3,-10.5
103,NE,2018,NE2018,13.5,18.6,14.7,1.4,0.1,16.1
104,IND,2018,IND2018,12.4,22.3,7.9,-3.5,0.9,4.4
105,PIT,2018,PIT2018,11.3,10.8,14.3,-0.5,-3.5,13.8
106,MIN,2018,MIN2018,10.5,15.4,-1.2,-12.6,-0.9,-13.8
107,HOU,2018,HOU2018,10.4,11.2,-2.8,-9.7,3.5,-12.5
108,SEA,2018,SEA2018,5.9,4.8,9.1,1,-2.2,10.1
109,DEN,2018,DEN2018,5.5,5.7,0.8,-8.9,-4.2,-8.1
110,CAR,2018,CAR2018,0.3,-3.1,6,5.5,-0.2,11.5
111,PHI,2018,PHI2018,-1,2.7,-0.4,0.9,0.2,0.5
112,NYG,2018,NYG2018,-1.2,5.9,1.1,6.8,4.5,7.9
113,ATL,2018,ATL2018,-2.2,1.6,8.9,12.5,1.4,21.4
114,DAL,2018,DAL2018,-2.3,0.1,-6.3,-6,-2.1,-12.3
115,CLE,2018,CLE2018,-3.3,7.6,-0.7,-1.6,-4.2,-2.3
116,GB,2018,GB2018,-4.4,-8.4,11.2,11.6,-4.1,22.8
117,TEN,2018,TEN2018,-6,-1.7,-5.6,1.3,0.8,-4.3
118,JAX,2018,JAX2018,-8.5,-14.2,-21.7,-8.8,4.4,-30.5
119,DET,2018,DET2018,-10.5,-0.2,-5.2,4.4,-0.9,-0.8
120,CIN,2018,CIN2018,-10.8,-19.6,-3.7,9.7,2.6,6
121,TB,2018,TB2018,-14.4,-12.4,5.9,16.2,-4.1,22.1
122,NYJ,2018,NYJ2018,-17,-19,-20.2,4.9,8.1,-15.3
123,MIA,2018,MIA2018,-17.7,-29.6,-9.5,7.1,-1.1,-2.4
124,BUF,2018,BUF2018,-18.6,-8.8,-27.5,-14,-5.1,-41.5
125,WAS,2018,WAS2018,-20.1,-28.5,-19.8,2.8,2.5,-17
126,SF,2018,SF2018,-22,-21.7,-15.8,6.5,0.3,-9.3
127,LV,2018,LV2018,-23.4,-20.8,-7.7,14.2,-1.6,6.5
128,ARI,2018,ARI2018,-38.4,-41.5,-41.8,-2.4,1,-44.2
129,NO,2017,NO2017,35,37.3,22.4,-11.4,1.2,11
130,MIN,2017,MIN2017,28.7,32.3,12.5,-17.2,-0.9,-4.7
131,LAR,2017,LAR2017,27.6,27.2,11.3,-9.5,6.8,1.8
132,PIT,2017,PIT2017,25.9,24.9,17.5,-5.4,3.1,12.1
133,PHI,2017,PHI2017,23.7,23.4,10.5,-12.2,0.9,-1.7
134,NE,2017,NE2017,22.2,30.2,27.9,12,6.3,39.9
135,BAL,2017,BAL2017,17.9,21.3,-4.6,-13.4,9.2,-18
136,JAX,2017,JAX2017,13.8,12.8,0.4,-15.9,-2.5,-15.5
137,CAR,2017,CAR2017,12.6,13.4,-0.1,-8,4.7,-8.1
138,KC,2017,KC2017,10.9,2,16.4,10.8,5.3,27.2
139,DAL,2017,DAL2017,9.3,13,6.6,1.9,4.6,8.5
140,DET,2017,DET2017,9,4.3,4.1,0.1,4.9,4.2
141,LAC,2017,LAC2017,6.8,15.2,10.3,-3.9,-7.5,6.4
142,ATL,2017,ATL2017,5,4.8,8.5,2.3,-1.2,10.8
143,SEA,2017,SEA2017,2.3,3.2,2.2,-2.1,-2,0.1
144,WAS,2017,WAS2017,-2.6,-9.8,-3.8,-3.5,-2.4,-7.3
145,GB,2017,GB2017,-4.5,-10.3,0,5.8,1.3,5.8
146,TEN,2017,TEN2017,-6.2,-9.4,-2.1,5.7,1.6,3.6
147,ARI,2017,ARI2017,-8.2,-2.3,-18.1,-15.4,-5.5,-33.5
148,LV,2017,LV2017,-8.6,-9.3,3.6,12,-0.2,15.6
149,SF,2017,SF2017,-9.4,2,-3,9.1,2.7,6.1
150,BUF,2017,BUF2017,-10.7,-17.2,-11.1,2.5,2.9,-8.6
151,TB,2017,TB2017,-12.4,-14.1,5.2,12,-5.5,17.2
152,CIN,2017,CIN2017,-14.3,-11.7,-6.9,5,-2.4,-1.9
153,CHI,2017,CHI2017,-17,-11.8,-15,-0.4,-2.4,-15.4
154,HOU,2017,HOU2017,-18,-31.5,-10.1,3.4,-4.5,-6.7
155,NYJ,2017,NYJ2017,-19.2,-15.1,-10.7,5.6,-3,-5.1
156,MIA,2017,MIA2017,-21.7,-17.7,-13.6,10.7,2.6,-2.9
157,DEN,2017,DEN2017,-22.4,-30.1,-18.7,-3.8,-7.4,-22.5
158,IND,2017,IND2017,-23.9,-15.2,-18.3,9.3,3.7,-9
159,NYG,2017,NYG2017,-24.5,-21.7,-9.4,7.6,-7.5,-1.8
160,CLE,2017,CLE2017,-28.7,-21.8,-20.1,3.4,-5.1,-16.7
161,NE,2016,NE2016,25.1,32.5,21.2,-1.6,2.3,19.6
162,DAL,2016,DAL2016,24,25.2,20.2,-2.2,1.6,18
163,ATL,2016,ATL2016,23.9,26.4,25.1,3.6,2.5,28.7
164,PIT,2016,PIT2016,15.6,20.2,12.7,-3,-0.1,9.7
165,KC,2016,KC2016,13.5,16.7,3.1,-2.6,7.8,0.5
166,PHI,2016,PHI2016,13.3,7.7,-5.2,-11,7.5,-16.2
167,GB,2016,GB2016,11,14.4,16.6,3.8,-1.9,20.4
168,NYG,2016,NYG2016,9.4,13.4,-5.7,-13.9,1.2,-19.6
169,WAS,2016,WAS2016,8.9,10.9,15.5,7,0.4,22.5
170,LV,2016,LV2016,7.6,4.6,12.8,5.6,0.3,18.4
171,SEA,2016,SEA2016,7.5,3.6,-2.5,-10.1,-0.1,-12.6
172,BAL,2016,BAL2016,7.2,11.6,-7.2,-9.5,4.9,-16.7
173,ARI,2016,ARI2016,4.6,3.7,-6.2,-17.1,-6.3,-23.3
174,CIN,2016,CIN2016,3.2,5,7.3,1.4,-2.7,8.7
175,DEN,2016,DEN2016,2.9,-0.5,-12,-17.2,-2.3,-29.2
176,NO,2016,NO2016,2.2,2.2,15.2,10.4,-2.6,25.6
177,TEN,2016,TEN2016,2,6.2,10.8,7.6,-1.1,18.4
178,MIN,2016,MIN2016,1.2,-6.5,-9.7,-9.4,1.5,-19.1
179,BUF,2016,BUF2016,-0.7,-2.7,10.5,9.4,-1.9,19.9
180,MIA,2016,MIA2016,-1.4,-2.7,1.5,3.8,0.8,5.3
181,LAC,2016,LAC2016,-1.9,-6.7,-3.3,-6.3,-4.8,-9.6
182,TB,2016,TB2016,-3,1.6,-3.9,-2.8,-1.8,-6.7
183,IND,2016,IND2016,-5.6,2.2,3.3,13,4.1,16.3
184,CAR,2016,CAR2016,-6.3,-7.3,-8.3,-4.4,-2.5,-12.7
185,CHI,2016,CHI2016,-8.8,-9.1,-2.8,5.4,-0.6,2.6
186,DET,2016,DET2016,-11.2,-13,-0.7,14,3.5,13.3
187,JAX,2016,JAX2016,-11.7,-9.8,-11.5,-2.1,-2.3,-13.6
188,HOU,2016,HOU2016,-19.5,-17.4,-21.1,-8,-6.5,-29.1
189,SF,2016,SF2016,-21.5,-20.8,-7.3,14,-0.3,6.7
190,LAR,2016,LAR2016,-29.5,-38.1,-38.1,-1.5,7.1,-39.6
191,CLE,2016,CLE2016,-32.5,-29.9,-13.6,16.4,-2.5,2.8
192,NYJ,2016,NYJ2016,-34.5,-37.2,-22.3,5.4,-6.8,-16.9
193,SEA,2015,SEA2015,38.6,51.2,19.7,-14.8,4.2,4.9
194,ARI,2015,ARI2015,30.2,21.7,16.2,-18.1,-4,-1.9
195,CIN,2015,CIN2015,26.6,22.3,19.4,-5,2.2,14.4
196,CAR,2015,CAR2015,25.5,29.4,10.5,-17.3,-2.4,-6.8
197,KC,2015,KC2015,25.5,32.7,13.1,-10.4,2,2.7
198,NE,2015,NE2015,22.6,15.1,15.4,-3.4,3.9,12
199,PIT,2015,PIT2015,20.4,23.9,17.7,-2.6,0.1,15.1
200,DEN,2015,DEN2015,17.4,17.6,-8.5,-25.2,0.7,-33.7
201,NYJ,2015,NYJ2015,11.7,12.1,1.6,-13,-2.9,-11.4
202,GB,2015,GB2015,8.7,-2.6,2.7,-5.7,0.4,-3
203,MIN,2015,MIN2015,5.8,13.5,0.5,-1.4,3.9,-0.9
204,DET,2015,DET2015,5,14.9,1.7,-2.3,1,-0.6
205,BUF,2015,BUF2015,0.9,-1.2,9.7,10.3,1.5,20
206,LAR,2015,LAR2015,0.9,-2.2,-15.5,-14,2.4,-29.5
207,LV,2015,LV2015,-0.6,-0.7,-1.3,-0.8,-0.1,-2.1
208,WAS,2015,WAS2015,-0.8,6.1,2,6,3.2,8
209,HOU,2015,HOU2015,-2.4,5.3,-8.8,-12.2,-5.7,-21
210,BAL,2015,BAL2015,-4.4,-4.1,-5.4,6.3,7.3,0.9
211,CHI,2015,CHI2015,-6.5,0.2,6.6,11.9,-1.2,18.5
212,NYG,2015,NYG2015,-7.4,-8,-1.8,11,5.4,9.2
213,TB,2015,TB2015,-9.5,-3.2,-1.5,3.3,-4.7,1.8
214,ATL,2015,ATL2015,-12.3,-18.4,-7.2,3.1,-2.1,-4.1
215,PHI,2015,PHI2015,-12.7,-17.4,-10.5,4.2,1.9,-6.3
216,IND,2015,IND2015,-14,-14.5,-15.9,-1.4,0.5,-17.3
217,NO,2015,NO2015,-15,-12,9.8,21.7,-3.2,31.5
218,DAL,2015,DAL2015,-16,-17.1,-15.8,2,1.8,-13.8
219,JAX,2015,JAX2015,-16.7,-17.9,-5.2,10.6,-0.9,5.4
220,LAC,2015,LAC2015,-16.9,-17.9,-0.4,11.2,-5.3,10.8
221,MIA,2015,MIA2015,-21.1,-20.7,-7.4,11,-2.7,3.6
222,CLE,2015,CLE2015,-24.1,-25,-13.2,11.5,0.7,-1.7
223,TEN,2015,TEN2015,-28.1,-34.1,-15.9,8.4,-3.8,-7.5
224,SF,2015,SF2015,-28.3,-23.8,-13.9,10.8,-3.6,-3.1
225,SEA,2014,SEA2014,31.7,34.9,17.4,-16,-1.7,1.4
226,DEN,2014,DEN2014,28.9,24.2,20.3,-12.3,-3.7,8
227,GB,2014,GB2014,23,23.8,25.2,0,-2.3,25.2
228,BAL,2014,BAL2014,22.1,22.5,9.8,-4.3,8,5.5
229,NE,2014,NE2014,21.6,28.3,13.9,-2,5.7,11.9
230,DAL,2014,DAL2014,16.6,22.7,17.2,1.5,0.9,18.7
231,PHI,2014,PHI2014,12.5,13.9,1.1,-3.1,8.3,-2
232,PIT,2014,PIT2014,11.3,15.1,22.9,12.5,0.9,35.4
233,BUF,2014,BUF2014,10.7,13.2,-11.2,-15.7,6.2,-26.9
234,KC,2014,KC2014,9.8,14.2,5.4,2.3,6.7,7.7
235,DET,2014,DET2014,7.5,3.7,-3.5,-16.7,-5.7,-20.2
236,SF,2014,SF2014,6.3,7.4,-0.3,-9.6,-3,-9.9
237,CIN,2014,CIN2014,4.5,2.3,-0.9,-1.2,4.2,-2.1
238,IND,2014,IND2014,4.5,2.3,-1.3,-2.5,3.3,-3.8
239,NO,2014,NO2014,3.1,0.9,10.1,8.7,1.6,18.8
240,MIA,2014,MIA2014,2.9,-1.6,10.4,1.4,-6.1,11.8
241,LAR,2014,LAR2014,-0.7,9.5,-11,-6.9,3.5,-17.9
242,HOU,2014,HOU2014,-1,5.2,-6.5,-9.3,-3.9,-15.8
243,LAC,2014,LAC2014,-2,-2.4,7,6.2,-2.7,13.2
244,ARI,2014,ARI2014,-2.5,-6.8,-9.1,-8.8,-2.2,-17.9
245,ATL,2014,ATL2014,-3.3,-5.6,6.9,13.1,3,20
246,NYG,2014,NYG2014,-7.8,-4.5,-0.5,6.7,-0.6,6.2
247,CLE,2014,CLE2014,-7.9,-12.3,-10.3,-2,0.4,-12.3
248,CAR,2014,CAR2014,-9.5,-6.3,-4.9,-0.9,-5.5,-5.8
249,MIN,2014,MIN2014,-10,-4.6,-7.6,5.5,3,-2.1
250,CHI,2014,CHI2014,-15.3,-23.4,-0.8,11.4,-3.1,10.6
251,NYJ,2014,NYJ2014,-16.8,-15.3,-11.6,4.5,-0.8,-7.1
252,WAS,2014,WAS2014,-29.1,-42.4,-12.8,10.9,-5.4,-1.9
253,TB,2014,TB2014,-29.4,-24.9,-26.5,2,-0.8,-24.5
254,LV,2014,LV2014,-29.5,-31.3,-19.9,8,-1.7,-11.9
255,TEN,2014,TEN2014,-31.1,-38,-16.1,13.2,-1.8,-2.9
256,JAX,2014,JAX2014,-31.3,-25.3,-24.8,2.8,-3.6,-22
257,SEA,2013,SEA2013,40,41.3,10.1,-25.1,4.7,-15
258,DEN,2013,DEN2013,33.2,28.6,34.2,0,-1,34.2
259,CAR,2013,CAR2013,24.7,24,8.7,-15,1,-6.3
260,NO,2013,NO2013,22.9,23.5,16.3,-9.1,-2.5,7.2
261,NE,2013,NE2013,17.9,21.5,16.5,5.3,6.7,21.8
262,SF,2013,SF2013,16.8,22.1,9.1,-4,3.7,5.1
263,KC,2013,KC2013,16,17.7,3.1,-5.1,7.8,-2
264,CIN,2013,CIN2013,14,17.3,0.9,-11.8,1.2,-10.9
265,PHI,2013,PHI2013,13.5,22,22.6,6.2,-2.8,28.8
266,ARI,2013,ARI2013,12.6,17.4,-2.5,-19.1,-4.1,-21.6
267,CHI,2013,CHI2013,6,0.3,13.4,9.4,2,22.8
268,LAR,2013,LAR2013,5.4,12.3,-9.7,-8.9,6.3,-18.6
269,LAC,2013,LAC2013,5.2,12.1,23.6,19.3,0.8,42.9
270,IND,2013,IND2013,2.7,-1.2,4.4,1.6,-0.1,6
271,DET,2013,DET2013,1.9,1.4,-2.1,-4.4,-0.4,-6.5
272,DAL,2013,DAL2013,-0.1,-7.4,7.2,10.7,3.4,17.9
273,PIT,2013,PIT2013,-1.5,3.6,4.4,6.5,0.5,10.9
274,BUF,2013,BUF2013,-3.9,-4.6,-11.8,-13.4,-5.6,-25.2
275,TB,2013,TB2013,-5.2,-6,-10,-6.3,-1.5,-16.3
276,ATL,2013,ATL2013,-6.4,-10.5,3.2,9.4,-0.1,12.6
277,TEN,2013,TEN2013,-6.5,-4.3,1.6,4.8,-3.2,6.4
278,MIA,2013,MIA2013,-7.4,-7.9,-2.3,2.8,-2.4,0.5
279,GB,2013,GB2013,-7.7,-14.7,8.5,15.9,-0.3,24.4
280,BAL,2013,BAL2013,-8.1,-4.7,-22,-7.5,6.3,-29.5
281,MIN,2013,MIN2013,-8.6,-5.7,-4.4,7.9,3.8,3.5
282,NYJ,2013,NYJ2013,-9.5,-10.8,-15.5,-3.9,2.1,-19.4
283,NYG,2013,NYG2013,-16.5,-11,-22,-10.6,-5.1,-32.6
284,CLE,2013,CLE2013,-23.7,-25.5,-14.6,10,0.9,-4.6
285,HOU,2013,HOU2013,-25.4,-30.7,-19.3,1,-5.1,-18.3
286,WAS,2013,WAS2013,-27.5,-25.9,-10.1,5.3,-12,-4.8
287,LV,2013,LV2013,-34.9,-36.6,-17.1,10.7,-7.1,-6.4
288,JAX,2013,JAX2013,-40.2,-26.7,-30.3,12.5,2.5,-17.8
289,SEA,2012,SEA2012,38.4,46.2,18.6,-14.1,5.7,4.5
290,DEN,2012,DEN2012,35.9,38.5,22.7,-12.6,0.6,10.1
291,NE,2012,NE2012,33.7,37,31.1,2.9,5.5,34
292,SF,2012,SF2012,30.2,27.5,17.4,-14.3,-1.5,3.1
293,GB,2012,GB2012,25.9,23,19.6,-6.5,-0.2,13.1
294,CHI,2012,CHI2012,20.1,17.4,-10.7,-26.1,4.7,-36.8
295,ATL,2012,ATL2012,12.4,9.8,6.6,-5.7,0.1,0.9
296,NYG,2012,NYG2012,11.9,11.2,12.9,3,2,15.9
297,HOU,2012,HOU2012,9.7,1.6,0.3,-17.1,-7.7,-16.8
298,BAL,2012,BAL2012,9,6.3,3,3.1,9,6.1
299,WAS,2012,WAS2012,9,16.5,16,2.8,-4.3,18.8
300,MIN,2012,MIN2012,6.6,5.8,1.1,-0.8,4.7,0.3
301,CIN,2012,CIN2012,4.2,13.5,-2.1,-2.2,4.1,-4.3
302,CAR,2012,CAR2012,4.2,10.1,7.6,-1.4,-4.8,6.2
303,LAR,2012,LAR2012,4.2,7.4,-4.1,-11.6,-3.4,-15.7
304,DET,2012,DET2012,3.1,3.6,12.1,3.9,-5.1,16
305,DAL,2012,DAL2012,1.8,0.9,6.2,4.5,0.2,10.7
306,NO,2012,NO2012,-1.2,-0.2,12,10.8,-2.3,22.8
307,PIT,2012,PIT2012,-2.4,-1.4,-4.3,-2,-0.1,-6.3
308,TB,2012,TB2012,-7.2,-11.6,0.7,3.6,-4.3,4.3
309,MIA,2012,MIA2012,-8,-9.7,-8.6,-0.1,0.4,-8.7
310,LAC,2012,LAC2012,-10.8,-9.1,-10.4,3.4,3,-7
311,BUF,2012,BUF2012,-12.4,-9.4,-4.6,10.5,2.7,5.9
312,ARI,2012,ARI2012,-13.7,-21.6,-31.1,-16.2,1.1,-47.3
313,CLE,2012,CLE2012,-15.2,-9.2,-15.2,6.1,6.1,-9.1
314,IND,2012,IND2012,-16.2,-12.8,-2.5,14.6,0.9,12.1
315,NYJ,2012,NYJ2012,-19.1,-22,-20.5,-2.9,-1.5,-23.4
316,PHI,2012,PHI2012,-24.9,-29.8,-11.2,11.5,-2.2,0.3
317,LV,2012,LV2012,-30.2,-27.3,-10.1,14.3,-5.8,4.2
318,TEN,2012,TEN2012,-30.9,-28.5,-21.1,8.4,-1.4,-12.7
319,JAX,2012,JAX2012,-34.6,-31.7,-18.6,13,-3,-5.6
320,KC,2012,KC2012,-43.5,-41.6,-26,15.4,-2,-10.6
321,NO,2011,NO2011,28.7,35.9,33.5,5.8,1,39.3
322,GB,2011,GB2011,26.2,23.4,34.2,9.8,1.8,44
323,PIT,2011,PIT2011,22.1,27.7,11.6,-8.8,1.7,2.8
324,NE,2011,NE2011,21.5,22.6,32.6,15.2,4.1,47.8
325,HOU,2011,HOU2011,20.3,14.6,9,-10.6,0.7,-1.6
326,SF,2011,SF2011,18.4,15.8,-3.7,-14.3,7.8,-18
327,ATL,2011,ATL2011,17.3,20.3,6.3,-12.3,-1.3,-6
328,BAL,2011,BAL2011,13.5,10.9,3.1,-16,-5.6,-12.9
329,PHI,2011,PHI2011,13.3,19.3,10.1,-3.1,0,7
330,DET,2011,DET2011,13.1,16,7.2,-11,-5.1,-3.8
331,NYJ,2011,NYJ2011,12.3,6.8,-8.3,-14.9,5.6,-23.2
332,NYG,2011,NYG2011,7.3,5.4,10.3,3.3,0.3,13.6
333,DAL,2011,DAL2011,6.2,4.4,5.9,-2.4,-2.1,3.5
334,TEN,2011,TEN2011,5.4,3.1,0.5,1.4,6.3,1.9
335,CHI,2011,CHI2011,1,-3.8,-20.8,-13.3,8.5,-34.1
336,LAC,2011,LAC2011,-0.4,7.1,13.2,12,-1.6,25.2
337,CIN,2011,CIN2011,-1.4,-2.9,-1.4,2.3,2.3,0.9
338,MIA,2011,MIA2011,-2.4,4.5,-7.2,-2.3,2.5,-9.5
339,SEA,2011,SEA2011,-2.4,9,-8.9,-6.3,0.2,-15.2
340,CAR,2011,CAR2011,-4.3,2.1,18.5,16.3,-6.5,34.8
341,WAS,2011,WAS2011,-7.8,-7.9,-7,-0.4,-1.2,-7.4
342,LV,2011,LV2011,-8.5,-11.8,2.9,10.4,-1,13.3
343,BUF,2011,BUF2011,-10.1,-22.9,0.3,8.7,-1.7,9
344,DEN,2011,DEN2011,-13.1,-11.5,-10.3,2.5,-0.2,-7.8
345,CLE,2011,CLE2011,-15.1,-11.8,-11.5,4.8,1.3,-6.7
346,ARI,2011,ARI2011,-16.8,-15.4,-18.7,-0.7,1.2,-19.4
347,KC,2011,KC2011,-18.1,-9.3,-19.5,-2.3,-0.9,-21.8
348,JAX,2011,JAX2011,-19.5,-17.2,-27.1,-9.9,-2.2,-37
349,MIN,2011,MIN2011,-19.9,-27.2,-10.6,5.2,-4.1,-5.4
350,TB,2011,TB2011,-26.5,-39.1,-11.6,15.4,0.6,3.8
351,LAR,2011,LAR2011,-33.1,-33.5,-27.6,0.7,-4.8,-26.9
352,IND,2011,IND2011,-34.5,-30.4,-17.9,10.4,-6.2,-7.5
353,NE,2010,NE2010,44.3,55.9,42.8,3.2,4.7,46
354,PIT,2010,PIT2010,34.7,38.3,14.5,-19.8,0.4,-5.3
355,GB,2010,GB2010,23.5,24,11.9,-14,-2.4,-2.1
356,PHI,2010,PHI2010,22.2,19.7,18.2,-1.7,2.3,16.5
357,BAL,2010,BAL2010,21.9,26.9,5.7,-10.2,6,-4.5
358,ATL,2010,ATL2010,20.4,18.9,8.3,-5.8,6.3,2.5
359,NYJ,2010,NYJ2010,17.7,14.4,2.3,-9.7,5.8,-7.4
360,LAC,2010,LAC2010,14.7,19.3,15.6,-9.2,-10.2,6.4
361,NO,2010,NO2010,12.5,13.5,6.3,-7.8,-1.5,-1.5
362,NYG,2010,NYG2010,11.8,11,7.3,-10.3,-5.8,-3
363,TEN,2010,TEN2010,6,-0.4,-4.2,-4.9,5.3,-9.1
364,HOU,2010,HOU2010,3.6,6.3,21.6,16.3,-1.7,37.9
365,TB,2010,TB2010,2.8,7.5,8.1,4.7,-0.5,12.8
366,CHI,2010,CHI2010,2.2,8.8,-16,-10.8,7.4,-26.8
367,DET,2010,DET2010,2.1,6.6,-0.6,-0.2,2.6,-0.8
368,MIA,2010,MIA2010,1.6,-2.9,1,-4.3,-3.7,-3.3
369,IND,2010,IND2010,1,-3.7,13.1,5.8,-6.3,18.9
370,KC,2010,KC2010,-0.9,-8.5,4.1,3,-2.1,7.1
371,CIN,2010,CIN2010,-4.8,-7.3,1.6,2.8,-3.5,4.4
372,LV,2010,LV2010,-4.8,8.6,-8.2,-1.6,1.8,-9.8
373,CLE,2010,CLE2010,-4.9,-10,-5,2.7,2.7,-2.3
374,DAL,2010,DAL2010,-8.7,-7.9,-5,4.2,0.6,-0.8
375,JAX,2010,JAX2010,-10.5,-6,3.5,18.8,4.8,22.3
376,MIN,2010,MIN2010,-11.7,-13.9,-14.7,-4.4,-1.4,-19.1
377,SF,2010,SF2010,-12.4,-9.6,-10.9,0,-1.5,-10.9
378,LAR,2010,LAR2010,-15.9,-13.5,-18.3,-1.6,0.8,-19.9
379,DEN,2010,DEN2010,-19.8,-18.2,1.5,18.8,-2.6,20.3
380,WAS,2010,WAS2010,-20.9,-23.4,-11.4,7.2,-2.3,-4.2
381,BUF,2010,BUF2010,-22.4,-21.4,-14.5,7.7,-0.1,-6.8
382,SEA,2010,SEA2010,-24.3,-31.1,-17.8,12.9,6.4,-4.9
383,ARI,2010,ARI2010,-33.5,-32.2,-35.8,1.8,4.2,-34
384,CAR,2010,CAR2010,-38.2,-35.1,-36.2,0.5,-1.5,-35.7
385,NE,2009,NE2009,29.1,26.8,26.7,-1.1,1.3,25.6
386,PHI,2009,PHI2009,29,24.3,9.9,-14.3,4.8,-4.4
387,GB,2009,GB2009,28.8,35.1,19.4,-16.9,-7.5,2.5
388,BAL,2009,BAL2009,28.2,27.6,12.9,-13.1,2.2,-0.2
389,DAL,2009,DAL2009,27.2,32.3,21.8,-4.4,1,17.4
390,NO,2009,NO2009,25.2,17.7,24.7,-4,-3.4,20.7
391,MIN,2009,MIN2009,22.8,19.2,13.1,-5,4.7,8.1
392,IND,2009,IND2009,17,10.5,17.2,-0.9,-1.1,16.3
393,NYJ,2009,NYJ2009,16.5,19.8,-11.9,-25.6,2.8,-37.5
394,ARI,2009,ARI2009,14.2,13.8,6.8,-5.8,1.7,1
395,PIT,2009,PIT2009,13.7,15,14.7,-3.8,-4.8,10.9
396,HOU,2009,HOU2009,12.5,18.2,10.2,0,2.4,10.2
397,LAC,2009,LAC2009,12.4,20.6,19.8,7.6,0.2,27.4
398,DEN,2009,DEN2009,9.3,5,1.1,-8.6,-0.4,-7.5
399,CAR,2009,CAR2009,6.5,23,-1.7,-11.9,-3.7,-13.6
400,ATL,2009,ATL2009,3.7,-0.8,5.6,0.6,-1.3,6.2
401,MIA,2009,MIA2009,2.9,1.7,3.9,2.8,1.8,6.7
402,NYG,2009,NYG2009,2.8,-4.2,8.8,4,-2,12.8
403,CIN,2009,CIN2009,-1.2,-8.4,-0.6,-0.7,-1.3,-1.3
404,SF,2009,SF2009,-1.9,3.3,-13.7,-12.9,-1.1,-26.6
405,WAS,2009,WAS2009,-9,-5.1,-8.3,-0.9,-1.7,-9.2
406,TEN,2009,TEN2009,-9.4,-4.4,3.6,11.2,-1.7,14.8
407,JAX,2009,JAX2009,-10.5,-13.8,4.2,12.9,-1.8,17.1
408,BUF,2009,BUF2009,-11.2,-6.2,-20.8,-8.5,1.1,-29.3
409,CHI,2009,CHI2009,-19.6,-21.9,-20.1,4.1,4.7,-16
410,TB,2009,TB2009,-25.2,-22.9,-19.4,9.3,3.5,-10.1
411,CLE,2009,CLE2009,-25.4,-16.9,-16.8,18.3,9.7,1.5
412,SEA,2009,SEA2009,-31,-39.1,-19.8,11.9,0.8,-7.9
413,KC,2009,KC2009,-31.3,-32.2,-18.7,10.5,-2.1,-8.2
414,LV,2009,LV2009,-35.7,-31.6,-25.9,9.4,-0.3,-16.5
415,LAR,2009,LAR2009,-43.6,-42.5,-30,15.3,1.7,-14.7
416,DET,2009,DET2009,-48.6,-47.1,-28.6,14.7,-5.3,-13.9
417,PHI,2008,PHI2008,30.6,31.7,6.8,-22.2,1.7,-15.4
418,NYG,2008,NYG2008,27.8,24,19.3,-6.6,1.9,12.7
419,BAL,2008,BAL2008,27.7,28.7,0,-27.6,0.1,-27.6
420,PIT,2008,PIT2008,26.4,30.3,-1.2,-29.2,-1.5,-30.4
421,TEN,2008,TEN2008,24.2,23.6,4.6,-18.3,1.3,-13.7
422,CAR,2008,CAR2008,18.2,24.6,13.3,-2.1,2.7,11.2
423,IND,2008,IND2008,15.2,18.9,14.2,-3.3,-2.3,10.9
424,LAC,2008,LAC2008,13.2,12,18.9,7.5,1.8,26.4
425,NE,2008,NE2008,11.6,18.6,12.4,5,4.2,17.4
426,NO,2008,NO2008,11.5,16.4,16.5,4,-0.9,20.5
427,TB,2008,TB2008,9.3,5.2,-0.3,-10.2,-0.5,-10.5
428,ATL,2008,ATL2008,9.2,8.6,8.9,3.5,3.8,12.4
429,GB,2008,GB2008,8.9,5.9,7.5,-2,-0.5,5.5
430,WAS,2008,WAS2008,7.8,0.7,8.4,-2,-2.6,6.4
431,MIA,2008,MIA2008,7,9,12.2,-0.8,-5.9,11.4
432,CHI,2008,CHI2008,5.3,1.9,-9.1,-9.7,4.7,-18.8
433,MIN,2008,MIN2008,4.2,5.1,-10,-22,-7.9,-32
434,DAL,2008,DAL2008,2.4,5.9,1.7,-4.2,-3.6,-2.5
435,NYJ,2008,NYJ2008,2.2,1.2,0.2,1.2,3.2,1.4
436,JAX,2008,JAX2008,-2.3,-5.8,6.2,7.7,-0.8,13.9
437,ARI,2008,ARI2008,-4,-13.1,4.4,3.9,-4.6,8.3
438,BUF,2008,BUF2008,-8.1,-14.4,-10.1,5.1,7.1,-5
439,HOU,2008,HOU2008,-8.8,-6,5.9,14.7,-0.1,20.6
440,DEN,2008,DEN2008,-9.6,-15.6,18.9,21.5,-7,40.4
441,SF,2008,SF2008,-15.8,-18,-15.8,5.2,5.2,-10.6
442,CLE,2008,CLE2008,-21.5,-26,-21.3,5.2,4.9,-16.1
443,CIN,2008,CIN2008,-22,-16,-18.7,0.5,-2.8,-18.2
444,LV,2008,LV2008,-24.1,-22,-26.3,4.4,6.5,-21.9
445,SEA,2008,SEA2008,-24.3,-20.7,-14.8,12.3,2.9,-2.5
446,KC,2008,KC2008,-30.6,-23.3,-8.9,14.8,-7,5.9
447,LAR,2008,LAR2008,-44.7,-36.8,-29,15.1,-0.6,-13.9
448,DET,2008,DET2008,-45.2,-42.3,-25.6,20.9,1.3,-4.7
449,NE,2007,NE2007,53.4,42.3,44.1,-5.7,3.6,38.4
450,IND,2007,IND2007,29.6,23.6,23,-13.5,-6.9,9.5
451,JAX,2007,JAX2007,23.2,31.6,21.9,-1.2,0,20.7
452,DAL,2007,DAL2007,23,14.8,17.4,-6,-0.4,11.4
453,GB,2007,GB2007,20.5,18,16,-1.5,3,14.5
454,PIT,2007,PIT2007,19.2,8.4,8.1,-12.7,-1.6,-4.6
455,LAC,2007,LAC2007,17.8,24.3,5.2,-7.5,5.1,-2.3
456,TB,2007,TB2007,17.5,12.2,5.9,-11.2,0.3,-5.3
457,SEA,2007,SEA2007,14,14.2,6.6,-6.2,1.2,0.4
458,PHI,2007,PHI2007,11.1,10.2,12.7,-4.8,-6.4,7.9
459,TEN,2007,TEN2007,10,5.9,-3.5,-13.9,-0.4,-17.4
460,CLE,2007,CLE2007,8.8,15,8.2,7.4,8.1,15.6
461,WAS,2007,WAS2007,5.3,9.3,-0.9,-6.6,-0.4,-7.5
462,MIN,2007,MIN2007,5.1,7.3,-0.8,-3.4,2.5,-4.2
463,NYG,2007,NYG2007,1.4,3.2,-1.1,-3.3,-0.9,-4.4
464,CIN,2007,CIN2007,-0.2,-0.2,12.2,11.5,-0.8,23.7
465,HOU,2007,HOU2007,-0.8,0.7,1.6,9.2,6.9,10.8
466,DEN,2007,DEN2007,-1.7,0.4,9.1,5.7,-5.1,14.8
467,NO,2007,NO2007,-5.7,3.6,6.7,8.2,-4.3,14.9
468,CHI,2007,CHI2007,-6.2,1.9,-22.2,-4.8,11.2,-27
469,BAL,2007,BAL2007,-6.6,-9.9,-13.5,-6.8,0.1,-20.3
470,BUF,2007,BUF2007,-6.7,-0.9,-10.1,1.5,4.9,-8.6
471,ARI,2007,ARI2007,-11.9,-13.4,-3.8,3.6,-4.5,-0.2
472,NYJ,2007,NYJ2007,-17.3,-9.4,-9.6,9.3,1.6,-0.3
473,KC,2007,KC2007,-20.4,-23.3,-19.6,-3.2,-4,-22.8
474,CAR,2007,CAR2007,-21.1,-20.2,-14.8,0.5,-5.8,-14.3
475,ATL,2007,ATL2007,-23.1,-24.4,-16.8,6.3,-0.1,-10.5
476,MIA,2007,MIA2007,-23.2,-27.7,-6.7,13.8,-2.7,7.1
477,DET,2007,DET2007,-24.3,-27.8,-10.3,10.4,-3.5,0.1
478,LV,2007,LV2007,-30.8,-25.9,-18,7.3,-5.5,-10.7
479,LAR,2007,LAR2007,-33.2,-29.6,-23.2,5.3,-4.7,-17.9
480,SF,2007,SF2007,-35.4,-31.3,-32.8,7.8,5.2,-25
481,LAC,2006,LAC2006,28.5,26.7,25.8,2.2,4.9,28
482,BAL,2006,BAL2006,27.2,29.6,1,-22.4,3.9,-21.4
483,NE,2006,NE2006,26.1,30.3,14.7,-8.5,2.9,6.2
484,PHI,2006,PHI2006,25.5,21.1,21.2,-6.7,-2.5,14.5
485,CHI,2006,CHI2006,24,17.1,-4.6,-19.9,8.7,-24.5
486,JAX,2006,JAX2006,21.8,21.6,7.6,-14.7,-0.5,-7.1
487,IND,2006,IND2006,17.9,19,29.4,7.8,-3.6,37.2
488,NYG,2006,NYG2006,12.3,8.5,11.8,-0.3,0.1,11.5
489,DAL,2006,DAL2006,11,7.8,12.1,0.6,-0.5,12.7
490,NO,2006,NO2006,10,10.2,10.1,0.7,0.6,10.8
491,PIT,2006,PIT2006,8.8,8.6,7.4,-6.4,-5,1
492,CIN,2006,CIN2006,6.1,5.6,14.4,9.6,1.4,24
493,KC,2006,KC2006,5.3,5.3,6.1,2.1,1.3,8.2
494,CAR,2006,CAR2006,4.6,9.1,-2.1,-9.9,-3.2,-12
495,DEN,2006,DEN2006,-1.6,-5.4,-4.8,-2.6,0.6,-7.4
496,MIA,2006,MIA2006,-1.6,2.1,-10,-9.3,-0.9,-19.3
497,NYJ,2006,NYJ2006,-2.3,-1.7,5.4,11.5,3.7,16.9
498,BUF,2006,BUF2006,-2.5,3.2,-7,2.6,7.1,-4.4
499,ATL,2006,ATL2006,-5.2,-5.2,-1,-0.4,-4.6,-1.4
500,GB,2006,GB2006,-6.1,-2,-5,-3.7,-4.8,-8.7
501,MIN,2006,MIN2006,-10,-12.1,-17.8,-12.2,-4.4,-30
502,WAS,2006,WAS2006,-10.4,-11.1,3.6,15.9,1.9,19.5
503,TEN,2006,TEN2006,-11.3,2.5,-9.5,4.6,2.8,-4.9
504,LAR,2006,LAR2006,-11.3,-14.7,2.4,8.4,-5.3,10.8
505,SEA,2006,SEA2006,-14.1,-16.4,-11.7,5.2,2.9,-6.5
506,CLE,2006,CLE2006,-17.1,-22.4,-16.3,4.2,3.3,-12.1
507,DET,2006,DET2006,-17.9,-15.7,-13.7,7.2,3,-6.5
508,SF,2006,SF2006,-19.7,-19.4,-8.5,11.2,0.1,2.7
509,HOU,2006,HOU2006,-20.9,-15.2,-6.3,12.3,-2.2,6
510,ARI,2006,ARI2006,-20.9,-8.3,-9.7,5.1,-6.1,-4.6
511,TB,2006,TB2006,-21.5,-20.3,-16.4,5.4,0.3,-11
512,LV,2006,LV2006,-34.7,-31,-37.2,-6.4,-3.9,-43.6
513,IND,2005,IND2005,33.4,32.5,25.1,-10.9,-2.6,14.2
514,DEN,2005,DEN2005,30.7,35.8,27.4,-6.8,-3.6,20.6
515,SEA,2005,SEA2005,27.5,27.2,28.9,0.5,-0.8,29.4
516,PIT,2005,PIT2005,27.2,23.3,12.3,-13.3,1.6,-1
517,KC,2005,KC2005,23.9,34.4,23.9,-2.1,-2.2,21.8
518,LAC,2005,LAC2005,23.6,18.2,22.5,-1,0,21.5
519,WAS,2005,WAS2005,21.7,26.6,8.4,-11.6,1.7,-3.2
520,CIN,2005,CIN2005,19.3,11.7,23.1,4.3,0.5,27.4
521,CAR,2005,CAR2005,17.6,17.1,0.8,-13.9,2.9,-13.1
522,NYG,2005,NYG2005,17.2,14,10.4,-1.7,5.2,8.7
523,JAX,2005,JAX2005,15,11.1,5.9,-8.6,0.6,-2.7
524,NE,2005,NE2005,9.6,11.8,18,9.6,1.2,27.6
525,DAL,2005,DAL2005,4.4,-2.5,2.8,-2.6,-1,0.2
526,TB,2005,TB2005,2.3,1.8,-5,-7.7,-0.4,-12.7
527,MIA,2005,MIA2005,1.2,-0.4,-7.6,-5.1,3.7,-12.7
528,ATL,2005,ATL2005,-1,-4.1,3.3,7,2.7,10.3
529,CHI,2005,CHI2005,-1.8,-6,-17,-18.4,-3.2,-35.4
530,BAL,2005,BAL2005,-1.9,4.9,-11.6,-9.4,0.3,-21
531,PHI,2005,PHI2005,-2.3,-9.4,-7.7,-5.6,-0.2,-13.3
532,LV,2005,LV2005,-7.9,-11.2,-0.6,3,-4.3,2.4
533,GB,2005,GB2005,-11.6,-12,-4,3.1,-4.6,-0.9
534,ARI,2005,ARI2005,-13.1,-5.6,-9.8,0.5,-2.8,-9.3
535,MIN,2005,MIN2005,-15,-0.6,-13.9,0.3,-0.8,-13.6
536,CLE,2005,CLE2005,-16.6,-16.6,-12,6.7,2.2,-5.3
537,BUF,2005,BUF2005,-18.8,-19.5,-17.7,9.8,8.8,-7.9
538,DET,2005,DET2005,-20.5,-18,-17.8,-2.4,-5.1,-20.2
539,NO,2005,NO2005,-21.3,-20.2,-12.2,7,-2.2,-5.2
540,NYJ,2005,NYJ2005,-21.7,-21.1,-19.9,1.7,-0.2,-18.2
541,LAR,2005,LAR2005,-22.2,-21.5,-8.2,9.3,-4.7,1.1
542,TEN,2005,TEN2005,-22.6,-24.7,-8.4,16.4,2.2,8
543,HOU,2005,HOU2005,-30.5,-20.6,-15.7,20.3,5.5,4.6
544,SF,2005,SF2005,-57.7,-53.9,-41.2,17.9,1.5,-23.3
545,PIT,2004,PIT2004,37.6,40.7,16.9,-18.2,2.4,-1.3
546,NE,2004,NE2004,35,31,24.5,-10.4,0.2,14.1
547,BUF,2004,BUF2004,31.4,42.3,-5.5,-28.2,8.7,-33.7
548,NYJ,2004,NYJ2004,27.2,23.6,21.1,-3.4,2.6,17.7
549,IND,2004,IND2004,26.7,29.3,32.2,2.7,-2.8,34.9
550,PHI,2004,PHI2004,23.6,18.6,15.1,-1.6,6.9,13.5
551,DEN,2004,DEN2004,22.8,22.7,14.2,-11.5,-2.9,2.7
552,BAL,2004,BAL2004,20.7,17.7,-2.1,-19.4,3.3,-21.5
553,LAC,2004,LAC2004,18.1,21.2,17.3,-4.1,-3.2,13.2
554,KC,2004,KC2004,14.3,13.8,31.1,16.4,-0.3,47.5
555,CIN,2004,CIN2004,12.3,19.8,3.7,-4.4,4.3,-0.7
556,GB,2004,GB2004,2.1,2.3,17,15.9,1,32.9
557,JAX,2004,JAX2004,0.3,-0.8,-3.7,-4.8,-0.7,-8.5
558,CAR,2004,CAR2004,-0.3,3.9,-0.3,-2.9,-2.9,-3.2
559,ATL,2004,ATL2004,-1.7,-5.4,-10.3,-3.9,4.7,-14.2
560,SEA,2004,SEA2004,-2.4,-7.7,3,3.7,-1.7,6.7
561,MIN,2004,MIN2004,-4.1,-2.6,17,17.3,-3.8,34.3
562,TB,2004,TB2004,-4.5,1.3,-7.3,-7.4,-4.5,-14.7
563,DET,2004,DET2004,-5,-5.9,-10.4,-0.6,4.9,-11
564,HOU,2004,HOU2004,-7.5,-6.3,-2.1,1.2,-4.2,-0.9
565,WAS,2004,WAS2004,-8.8,-1.9,-18.4,-14.4,-4.8,-32.8
566,MIA,2004,MIA2004,-14.4,-8.5,-29.9,-10.2,5.3,-40.1
567,NO,2004,NO2004,-14.6,-7.2,-12.8,8.3,6.5,-4.5
568,LV,2004,LV2004,-15.4,-18.2,-0.8,12.6,-2.1,11.8
569,DAL,2004,DAL2004,-15.9,-16.7,-4.7,12.3,1.1,7.6
570,NYG,2004,NYG2004,-16,-20.9,-11.2,5.5,0.6,-5.7
571,TEN,2004,TEN2004,-18.7,-23.7,-3.5,11.1,-4.2,7.6
572,CLE,2004,CLE2004,-19.6,-24.4,-14.5,7.1,2,-7.4
573,ARI,2004,ARI2004,-23.7,-21.7,-23.6,-1.9,-1.9,-25.5
574,LAR,2004,LAR2004,-23.7,-25.6,-3.9,10.7,-9,6.8
575,CHI,2004,CHI2004,-28.5,-35.8,-36.7,-6.2,2,-42.9
576,SF,2004,SF2004,-43.1,-45,-22,20.4,-0.8,-1.6
577,KC,2003,KC2003,30.5,20.5,33.9,9.7,6.3,43.6
578,IND,2003,IND2003,23.2,17,17.9,-3.7,1.6,14.2
579,TEN,2003,TEN2003,22.7,30.1,18,-4.2,0.5,13.8
580,NE,2003,NE2003,21.1,31.9,1.4,-18.8,0.8,-17.4
581,GB,2003,GB2003,20.3,23.5,12.1,-6.5,1.7,5.6
582,PHI,2003,PHI2003,19.4,31.8,17.6,3.7,5.5,21.3
583,BAL,2003,BAL2003,15.3,23.3,-13,-25.1,3.2,-38.1
584,SEA,2003,SEA2003,12.5,11,16.7,4.3,0.2,21
585,MIA,2003,MIA2003,11.9,12,-4.6,-13.8,2.7,-18.4
586,DEN,2003,DEN2003,10.9,10,9.6,-3.1,-1.8,6.5
587,TB,2003,TB2003,9.4,-1.1,-1,-16.9,-6.5,-17.9
588,MIN,2003,MIN2003,6,0.3,13.7,1.8,-5.9,15.5
589,LAR,2003,LAR2003,4.9,7.1,-7,-14.4,-2.6,-21.4
590,DAL,2003,DAL2003,4.3,5.3,-7.1,-12.6,-1.1,-19.7
591,NYJ,2003,NYJ2003,1.8,4,12,12.4,2.2,24.4
592,CAR,2003,CAR2003,-0.2,0.3,-4.8,-4,0.6,-8.8
593,JAX,2003,JAX2003,-0.8,6.2,1.1,-4.1,-6,-3
594,SF,2003,SF2003,-0.8,-4.6,7.8,3,-5.6,10.8
595,NO,2003,NO2003,-1.5,-0.8,2.6,2.5,-1.6,5.1
596,PIT,2003,PIT2003,-2.7,-1.1,-6,0.5,3.8,-5.5
597,CIN,2003,CIN2003,-5.3,1.6,8.3,14.8,1.2,23.1
598,CLE,2003,CLE2003,-8.6,-15,-8.8,-0.2,0,-9
599,BUF,2003,BUF2003,-8.9,-15,-16.3,-9.6,-2.2,-25.9
600,LAC,2003,LAC2003,-13.6,-9.2,3.7,13.4,-3.9,17.1
601,WAS,2003,WAS2003,-13.9,-14.6,-7.1,9.2,2.5,2.1
602,ATL,2003,ATL2003,-14.5,-13.3,-9.9,6.4,1.9,-3.5
603,CHI,2003,CHI2003,-15.1,-5.4,-16.7,1.7,3.3,-15
604,LV,2003,LV2003,-18.2,-23.3,-9.3,10.8,1.9,1.5
605,DET,2003,DET2003,-20.8,-19.8,-21.9,2.6,3.7,-19.3
606,HOU,2003,HOU2003,-21.9,-21.5,-15,9.7,2.8,-5.3
607,NYG,2003,NYG2003,-22.8,-38.3,-11.5,5.4,-5.9,-6.1
608,ARI,2003,ARI2003,-43.1,-45.5,-21.8,19.1,-2.2,-2.7
609,TB,2002,TB2002,31.3,28,-3.5,-31.2,3.6,-34.7
610,LV,2002,LV2002,28.6,29.5,22.8,-5.5,0.3,17.3
611,MIA,2002,MIA2002,25.2,25.1,6.9,-15,3.3,-8.1
612,KC,2002,KC2002,23.4,27,35.4,15.1,3.1,50.5
613,PHI,2002,PHI2002,23,23.4,6.9,-10.3,5.7,-3.4
614,NYJ,2002,NYJ2002,15.8,30.4,18.4,9.1,6.4,27.5
615,NE,2002,NE2002,14.7,7,7,-0.8,6.9,6.2
616,DEN,2002,DEN2002,14.6,14.6,17,0.6,-1.8,17.6
617,ATL,2002,ATL2002,14.2,13.5,1.8,-7.2,5.2,-5.4
618,SF,2002,SF2002,12.3,6.3,19,2.6,-4.1,21.6
619,NO,2002,NO2002,9.5,6.4,-4.6,-1.9,12.2,-6.5
620,TEN,2002,TEN2002,8.5,16.4,9,1.1,0.6,10.1
621,GB,2002,GB2002,7.8,8.7,3.1,-8.5,-3.8,-5.4
622,PIT,2002,PIT2002,5.8,9.7,6.7,-4.3,-5.1,2.4
623,CLE,2002,CLE2002,0.8,-2.8,-6.4,-4.4,2.7,-10.8
624,NYG,2002,NYG2002,-0.1,4.6,4.2,-0.6,-4.9,3.6
625,SEA,2002,SEA2002,-1,6.5,7.8,9.1,0.3,16.9
626,BAL,2002,BAL2002,-1.3,0.2,-6,-7.4,-2.6,-13.4
627,IND,2002,IND2002,-1.6,-7.3,0.4,-0.2,-2.2,0.2
628,JAX,2002,JAX2002,-1.7,-4.5,7.6,8.1,-1.2,15.7
629,LAR,2002,LAR2002,-3.3,-7.2,-10.4,-7.8,-0.7,-18.2
630,LAC,2002,LAC2002,-3.4,-7.8,1.5,3.1,-1.8,4.6
631,BUF,2002,BUF2002,-8.1,-5.9,0.8,5.9,-3,6.7
632,WAS,2002,WAS2002,-10.8,-5.8,-7.2,-4.2,-7.8,-11.4
633,CAR,2002,CAR2002,-11.8,-17.6,-24.9,-13.2,-0.1,-38.1
634,CHI,2002,CHI2002,-12.6,-16.5,-14,2.6,4,-11.4
635,MIN,2002,MIN2002,-15.7,-5.8,1,10.4,-6.2,11.4
636,DAL,2002,DAL2002,-24.3,-31.9,-24.9,-3.2,-2.6,-28.1
637,CIN,2002,CIN2002,-28.9,-21.9,-5.4,14.1,-9.4,8.7
638,DET,2002,DET2002,-31.1,-30.1,-25.3,13.6,7.8,-11.7
639,ARI,2002,ARI2002,-38.7,-47.9,-12.3,20.3,-6,8
640,HOU,2002,HOU2002,-41.4,-38.6,-43.3,1.9,3.8,-41.4
641,LAR,2001,LAR2001,31.2,28.3,21.3,-16.2,-6.4,5.1
642,PHI,2001,PHI2001,26.9,14.8,3.3,-14.7,8.9,-11.4
643,SF,2001,SF2001,20.3,26.7,21.2,0.1,-0.7,21.3
644,TB,2001,TB2001,18.7,20.5,3.2,-15.1,0.5,-11.9
645,LV,2001,LV2001,17.9,18.2,18.4,1.4,0.9,19.8
646,GB,2001,GB2001,17.8,18.4,8.5,-7.2,2.2,1.3
647,PIT,2001,PIT2001,16.3,18.7,14.9,-5.4,-4.1,9.5
648,CHI,2001,CHI2001,15.9,23.9,-0.3,-11.3,5,-11.6
649,NYJ,2001,NYJ2001,10.9,8.2,4.2,-6,0.7,-1.8
650,MIA,2001,MIA2001,8.4,11.3,-3.1,-6,5.5,-9.1
651,NE,2001,NE2001,7.7,15.3,3.6,-1,3.1,2.6
652,LAC,2001,LAC2001,6.5,-3,-0.1,-4.7,1.9,-4.8
653,BAL,2001,BAL2001,5.9,6,-7.1,-11.6,1.4,-18.7
654,DEN,2001,DEN2001,1,-6.3,0.7,2,2.2,2.7
655,WAS,2001,WAS2001,-0.8,18.1,-11.6,-8.3,2.6,-19.9
656,SEA,2001,SEA2001,-1.1,3.3,1.9,1,-2,2.9
657,KC,2001,KC2001,-2.3,-2.8,10.9,11.2,-2,22.1
658,TEN,2001,TEN2001,-3.1,4,7.6,10.5,-0.2,18.1
659,NO,2001,NO2001,-5.5,-12.6,-6.8,-0.3,1.1,-7.1
660,JAX,2001,JAX2001,-6.7,-5.5,-2,2.7,-2,0.7
661,CLE,2001,CLE2001,-8,-16.7,-19.9,-12.4,-0.6,-32.3
662,NYG,2001,NYG2001,-8.3,-12.7,0.1,1.3,-7.1,1.4
663,IND,2001,IND2001,-11,-7.1,6.8,14.9,-2.9,21.7
664,ATL,2001,ATL2001,-14.1,-24.9,-11.3,7.7,4.9,-3.6
665,ARI,2001,ARI2001,-15.7,-9.3,5.4,21.8,0.6,27.2
666,DET,2001,DET2001,-19.3,-17.3,-11.9,9.6,2.2,-2.3
667,CIN,2001,CIN2001,-19.6,-23.7,-11.5,1.1,-7,-10.4
668,DAL,2001,DAL2001,-21,-19,-15.6,2.2,-3.1,-13.4
669,BUF,2001,BUF2001,-22.9,-15.5,-4.6,13.3,-5,8.7
670,MIN,2001,MIN2001,-24.3,-26.6,-5,14.5,-4.8,9.5
671,CAR,2001,CAR2001,-24.7,-27.7,-27.2,2.9,5.4,-24.3
672,TEN,2000,TEN2000,33.5,35.6,1.1,-25,7.4,-23.9
673,MIA,2000,MIA2000,25.1,25.9,-1.3,-17.5,8.8,-18.8
674,BAL,2000,BAL2000,23.9,25.1,-8.1,-23.6,8.4,-31.7
675,PIT,2000,PIT2000,23,26.6,8.9,-11.1,3,-2.2
676,LV,2000,LV2000,21,27.7,17.4,-1.9,1.7,15.5
677,IND,2000,IND2000,20.1,19.7,26.7,5.7,-0.8,32.4
678,TB,2000,TB2000,20.1,20.5,5,-13.4,1.7,-8.4
679,DEN,2000,DEN2000,16.5,17,20.2,-0.9,-4.6,19.3
680,PHI,2000,PHI2000,15.8,14.4,0.9,-7.7,7.2,-6.8
681,LAR,2000,LAR2000,15.3,15.5,27,11,-0.6,38
682,NYG,2000,NYG2000,8.4,11.6,9.1,-4.6,-5.4,4.5
683,NYJ,2000,NYJ2000,8,6,-0.1,-13.2,-5.2,-13.3
684,GB,2000,GB2000,7,10.8,3.7,0.5,3.9,4.2
685,WAS,2000,WAS2000,4.9,-3.8,4,-8.4,-7.5,-4.4
686,DET,2000,DET2000,3,3.5,-16.4,-13.9,5.4,-30.3
687,KC,2000,KC2000,2.9,-4.2,13.3,5.3,-5,18.6
688,JAX,2000,JAX2000,2.7,13.9,6.6,3.4,-0.5,10
689,NO,2000,NO2000,2.1,4.7,-1.1,-7.5,-4.2,-8.6
690,BUF,2000,BUF2000,-0.4,-7.5,3.4,-11.6,-15.4,-8.2
691,MIN,2000,MIN2000,-1.3,0.7,18.5,21,1.2,39.5
692,SF,2000,SF2000,-1.9,10.3,18.8,16.9,-3.8,35.7
693,NE,2000,NE2000,-6.4,-16.4,-4.4,5.9,3.9,1.5
694,DAL,2000,DAL2000,-14.7,-15.5,-10.8,7.1,3.2,-3.7
695,CHI,2000,CHI2000,-15.3,-7.5,-9,5.2,-1.2,-3.8
696,SEA,2000,SEA2000,-17,-13,-5.4,20.1,8.5,14.7
697,CAR,2000,CAR2000,-18.3,-20.7,-17.9,3.8,3.4,-14.1
698,LAC,2000,LAC2000,-24.4,-22.3,-26.4,-8.9,-7,-35.3
699,ATL,2000,ATL2000,-29.4,-32.2,-30.2,3.3,4.1,-26.9
700,CIN,2000,CIN2000,-40.3,-34.2,-20.5,13.1,-6.7,-7.4
701,ARI,2000,ARI2000,-40.6,-45.7,-20,20.8,0.2,0.8
702,CLE,2000,CLE2000,-41.5,-51.3,-29.4,11,-1.1,-18.4
703,LAR,1999,LAR1999,38.7,34.7,18.1,-17.8,2.8,0.3
704,JAX,1999,JAX1999,26.6,21.6,11.5,-8.7,6.4,2.8
705,LV,1999,LV1999,21.1,21,20.8,-5.1,-4.9,15.7
706,KC,1999,KC1999,16.8,16.3,14.1,-6.7,-4,7.4
707,TEN,1999,TEN1999,14.9,20.6,18.5,5.8,2.2,24.3
708,BUF,1999,BUF1999,14.5,14.6,12.8,-4.5,-2.7,8.3
709,MIN,1999,MIN1999,14.5,23.9,11.9,2.2,4.8,14.1
710,TB,1999,TB1999,12.1,11.9,-10.3,-19.3,3,-29.6
711,SEA,1999,SEA1999,11.9,13.3,-2.7,-11.1,3.5,-13.8
712,WAS,1999,WAS1999,11,2.8,21.8,8.5,-2.4,30.3
713,DAL,1999,DAL1999,10.7,14.4,4.5,-4.3,1.8,0.2
714,BAL,1999,BAL1999,9.4,11.8,-13.4,-20.9,1.9,-34.3
715,DEN,1999,DEN1999,8.4,12.3,3.6,-6.3,-1.6,-2.7
716,NYJ,1999,NYJ1999,7.1,15.7,4.1,-1.6,1.4,2.5
717,DET,1999,DET1999,6.6,3.7,-0.7,-4.2,3.1,-4.9
718,MIA,1999,MIA1999,5.9,3.7,-6.6,-8.4,4.2,-15
719,GB,1999,GB1999,5.4,2.9,8,1.6,-1,9.6
720,IND,1999,IND1999,4.3,4.1,14.2,8.8,-1.1,23
721,CAR,1999,CAR1999,0.1,4.4,10,17.1,7.2,27.1
722,PIT,1999,PIT1999,-0.3,-7,-5.4,-1.1,4,-6.5
723,NE,1999,NE1999,-4.9,-12.9,-7.6,-1.2,1.6,-8.8
724,LAC,1999,LAC1999,-8.8,-6.4,-18.1,-8.5,0.8,-26.6
725,NYG,1999,NYG1999,-11,-10.9,-6.9,3.1,-1.1,-3.8
726,PHI,1999,PHI1999,-12.4,-3.8,-22.8,-9.6,0.9,-32.4
727,CHI,1999,CHI1999,-13.3,-14.3,-3.8,6.5,-3.1,2.7
728,ATL,1999,ATL1999,-16.5,-13.5,-10.9,6.3,0.7,-4.6
729,ARI,1999,ARI1999,-29.4,-27.7,-23.2,6.1,-0.1,-17.1
730,SF,1999,SF1999,-30.5,-28.6,-1.7,21.4,-7.3,19.7
731,CIN,1999,CIN1999,-33.9,-25.5,-10,17.5,-6.4,7.5
732,NO,1999,NO1999,-36.9,-48.4,-24.5,5.4,-7.1,-19.1
733,CLE,1999,CLE1999,-41.3,-35.7,-11.3,23.3,-6.7,12
734,DEN,1998,DEN1998,32.2,27.1,35,5.1,2.3,40.1
735,NYJ,1998,NYJ1998,28,38.3,17.9,-11.3,-1.2,6.6
736,MIN,1998,MIN1998,27.4,28.6,23.9,-2.7,0.8,21.2
737,SF,1998,SF1998,25,20.5,29.3,1,-3.4,30.3
738,MIA,1998,MIA1998,24.1,21.6,1.3,-22,0.7,-20.7
739,ATL,1998,ATL1998,22.9,32.7,7,-12.8,3.2,-5.8
740,BUF,1998,BUF1998,19.3,24.3,20,-1,-1.7,19
741,GB,1998,GB1998,14.8,12.9,6.6,-6.8,1.4,-0.2
742,DAL,1998,DAL1998,14.3,11.3,14.9,9.7,9.2,24.6
743,JAX,1998,JAX1998,7.5,7.3,9.9,3.9,1.6,13.8
744,NE,1998,NE1998,7.3,0.2,-0.1,-5.9,1.5,-6
745,SEA,1998,SEA1998,2.9,1.7,-10.3,-9.5,3.7,-19.8
746,TB,1998,TB1998,1.8,4.5,-7.2,-6.6,2.5,-13.8
747,TEN,1998,TEN1998,0.5,4.3,12.3,14.7,3,27
748,PIT,1998,PIT1998,-2.5,-1.2,-6.6,-3.4,0.7,-10
749,BAL,1998,BAL1998,-3.2,-7.4,-7.8,-1.9,2.7,-9.7
750,NYG,1998,NYG1998,-5.9,0,-9.7,-4.8,-1,-14.5
751,KC,1998,KC1998,-6.1,-5.6,-2.2,1.7,-2.2,-0.5
752,LAR,1998,LAR1998,-6.9,-11.2,-13.4,-7.2,-0.8,-20.6
753,DET,1998,DET1998,-9,-10.2,-6.3,4.9,2.1,-1.4
754,CHI,1998,CHI1998,-10.3,-12.6,-5,7.9,2.7,2.9
755,NO,1998,NO1998,-11.8,-15.1,-22.7,-7.9,2.9,-30.6
756,CAR,1998,CAR1998,-13.6,-10.8,-7.8,6.7,0.8,-1.1
757,LAC,1998,LAC1998,-16.2,-21,-25.7,-14.6,-5.1,-40.3
758,IND,1998,IND1998,-17.4,-7.9,-1.1,14.9,-1.5,13.8
759,ARI,1998,ARI1998,-17.8,-18.2,-6.2,9.9,-1.8,3.7
760,LV,1998,LV1998,-19.8,-23.2,-24.8,-14.2,-9.3,-39
761,WAS,1998,WAS1998,-21.4,-11.4,-0.7,15.7,-5,15
762,CIN,1998,CIN1998,-29.6,-36.4,-4.3,20.8,-4.5,16.5
763,PHI,1998,PHI1998,-37,-31.1,-23.5,10.6,-3,-12.9
764,DEN,1997,DEN1997,29.9,24,20.2,-5.5,4.3,14.7
765,KC,1997,KC1997,29.4,34.9,13.8,-8.3,7.3,5.5
766,GB,1997,GB1997,29.1,34.8,15.9,-9.8,3.5,6.1
767,SF,1997,SF1997,27.5,27.1,5.7,-20.9,0.9,-15.2
768,PIT,1997,PIT1997,26.7,33.2,13.4,-12.5,0.8,0.9
769,JAX,1997,JAX1997,21.5,25.5,23.4,4.2,2.3,27.6
770,DET,1997,DET1997,12.1,15.8,4,-7.2,0.9,-3.2
771,NE,1997,NE1997,12,7.2,7.5,-2.2,2.2,5.3
772,TB,1997,TB1997,7.8,3.6,1.7,-4.5,1.6,-2.8
773,BAL,1997,BAL1997,4.6,0.7,1.8,-0.7,2.1,1.1
774,DAL,1997,DAL1997,3.8,-8.6,-1.5,3.6,8.9,2.1
775,NYG,1997,NYG1997,2.3,3.7,-5.1,-9.2,-1.9,-14.3
776,NYJ,1997,NYJ1997,2.2,-4.2,-1.7,3.2,7.1,1.5
777,WAS,1997,WAS1997,2,1.1,2.4,1,0.5,3.4
778,MIA,1997,MIA1997,0.1,-2.8,11.2,13.4,2.3,24.6
779,MIN,1997,MIN1997,-0.8,-4.5,9.1,7.5,-2.4,16.6
780,ATL,1997,ATL1997,-0.8,12.2,-4.9,-0.1,3.9,-5
781,TEN,1997,TEN1997,-1.5,1.5,4.1,2.8,-2.8,6.9
782,CIN,1997,CIN1997,-3.1,7.3,18,19.2,-1.9,37.2
783,PHI,1997,PHI1997,-3.6,-1.2,1.1,-1,-5.7,0.1
784,SEA,1997,SEA1997,-7.2,-6,2.8,-1.1,-11.1,1.7
785,CAR,1997,CAR1997,-13.4,-16.9,-8.1,5,-0.3,-3.1
786,LAR,1997,LAR1997,-16.4,-13.7,-15,-5.9,-7.3,-20.9
787,BUF,1997,BUF1997,-16.8,-20,-18.3,-7.2,-5.7,-25.5
788,LV,1997,LV1997,-18.5,-28.7,-0.7,15.7,-2,15
789,IND,1997,IND1997,-19.9,-12.4,-9.3,7.4,-3.2,-1.9
790,ARI,1997,ARI1997,-22.6,-26.3,-13.8,9.8,1,-4
791,NO,1997,NO1997,-25.8,-23.5,-36.2,-8.8,1.7,-45
792,CHI,1997,CHI1997,-29.2,-25.9,-13.9,6,-9.2,-7.9
793,LAC,1997,LAC1997,-31.2,-36.8,-28.6,3.2,0.6,-25.4
794,GB,1996,GB1996,43,34.7,16.1,-19.6,7.4,-3.5
795,SF,1996,SF1996,28.8,25.4,10.1,-15.3,3.4,-5.2
796,DEN,1996,DEN1996,26.8,25.4,13.6,-15.2,-2.1,-1.6
797,DAL,1996,DAL1996,23.1,20.4,5.9,-11.8,5.4,-5.9
798,CAR,1996,CAR1996,22.5,28.2,0.2,-12.5,9.8,-12.3
799,PIT,1996,PIT1996,17.8,13.5,6.6,-13.7,-2.5,-7.1
800,PHI,1996,PHI1996,13.5,15.1,7.1,-8.8,-2.5,-1.7
801,KC,1996,KC1996,9,6.6,11.6,-0.8,-3.5,10.8
802,WAS,1996,WAS1996,9,2.6,17.3,11.6,3.3,28.9
803,NE,1996,NE1996,8.8,12.5,3.9,-2.5,2.4,1.4
804,TEN,1996,TEN1996,6.2,3.1,0.7,-4.5,1,-3.8
805,CIN,1996,CIN1996,6,12.3,8.4,-3.6,-6,4.8
806,LV,1996,LV1996,4.8,7.5,1.2,-5.1,-1.5,-3.9
807,BAL,1996,BAL1996,3,4.8,22.8,19.7,-0.2,42.5
808,BUF,1996,BUF1996,1.8,6.1,-12.7,-9.1,5.4,-21.8
809,MIA,1996,MIA1996,-0.9,-4.6,7.2,8.9,0.8,16.1
810,LAC,1996,LAC1996,-1,-11.7,-6.7,-3.7,2,-10.4
811,JAX,1996,JAX1996,-1.2,-2.9,7.6,6.3,-2.5,13.9
812,CHI,1996,CHI1996,-6.3,-2.4,-0.3,4.5,-1.5,4.2
813,DET,1996,DET1996,-9.4,-14.6,3.8,12,-1.2,15.8
814,MIN,1996,MIN1996,-10.8,-13.3,-8,-4.1,-6.8,-12.1
815,TB,1996,TB1996,-11.4,4.1,-14.5,1.3,4.5,-13.2
816,NYG,1996,NYG1996,-12.6,-12.1,-21.2,-4.2,4.5,-25.4
817,IND,1996,IND1996,-12.9,-12.6,-7.9,11,6,3.1
818,SEA,1996,SEA1996,-14.8,-6,-10.8,3.5,-0.5,-7.3
819,NO,1996,NO1996,-22.8,-24.5,-17.6,0.6,-4.6,-17
820,ATL,1996,ATL1996,-25.7,-24.9,-3.2,19,-3.5,15.8
821,LAR,1996,LAR1996,-26.7,-18.7,-27.4,-3.8,-3,-31.2
822,ARI,1996,ARI1996,-29.1,-22,-4.8,16.7,-7.5,11.9
823,NYJ,1996,NYJ1996,-33.6,-33.4,-12,13.8,-7.7,1.8
824,SF,1995,SF1995,40,40.6,19.5,-22.7,-2.2,-3.2
825,DAL,1995,DAL1995,32.7,27.6,30.1,1.4,4,31.5
826,KC,1995,KC1995,27.1,32.3,2.7,-16.3,8,-13.6
827,PIT,1995,PIT1995,19.6,23.3,3.3,-12.2,4.1,-8.9
828,ATL,1995,ATL1995,17.4,26.6,14.9,2.9,5.4,17.8
829,MIN,1995,MIN1995,15.6,14.4,3.4,-12.8,-0.5,-9.4
830,DET,1995,DET1995,13.2,17.1,15.7,-1.4,-3.9,14.3
831,GB,1995,GB1995,13.2,19.2,20.8,6.5,-1.1,27.3
832,DEN,1995,DEN1995,9.9,9.8,18.2,11.3,3,29.5
833,CHI,1995,CHI1995,9.4,5.1,20.5,7.4,-3.7,27.9
834,LV,1995,LV1995,4.6,-9,-0.9,-5.6,-0.2,-6.5
835,LAC,1995,LAC1995,4,6,5.3,1.9,0.6,7.2
836,MIA,1995,MIA1995,0.4,-6.2,6.4,6.6,0.7,13
837,BUF,1995,BUF1995,-1,-2.6,-5.4,-5.2,-0.8,-10.6
838,NO,1995,NO1995,-1.4,0.7,3.8,4.1,-1,7.9
839,TEN,1995,TEN1995,-1.5,7.3,-12.8,-12.6,-1.2,-25.4
840,PHI,1995,PHI1995,-5.8,-0.3,-11.8,-13.9,-7.9,-25.7
841,WAS,1995,WAS1995,-6.2,-5.4,-1.5,8.8,4.2,7.3
842,NYG,1995,NYG1995,-8,-2.3,-6.4,2.5,0.9,-3.9
843,CIN,1995,CIN1995,-8.1,-12.6,2.4,12.5,2.1,14.9
844,CLE,1995,CLE1995,-8.8,-17,-5.1,9.3,5.6,4.2
845,LAR,1995,LAR1995,-9.3,-17,-9.5,-3.8,-3.5,-13.3
846,IND,1995,IND1995,-9.9,-5.4,-2.1,3.4,-4.4,1.3
847,CAR,1995,CAR1995,-11.3,-6,-25.8,-11.6,2.9,-37.4
848,SEA,1995,SEA1995,-12,-5,-4.3,6.2,-1.5,1.9
849,TB,1995,TB1995,-20.2,-22.4,-13.8,6,-0.4,-7.8
850,NE,1995,NE1995,-22.3,-20.2,-9.5,12.6,-0.2,3.1
851,NYJ,1995,NYJ1995,-25.2,-21.6,-31.3,-8.4,-2.3,-39.7
852,JAX,1995,JAX1995,-27.3,-22,-9.9,14.1,-3.3,4.2
853,ARI,1995,ARI1995,-30.3,-26.6,-23.7,2.9,-3.7,-20.8
854,DAL,1994,DAL1994,32.4,28.2,18.8,-11.9,1.7,6.9
855,PIT,1994,PIT1994,30.4,36.6,13.5,-17,-0.1,-3.5
856,SF,1994,SF1994,28,37.5,19.5,-7.4,1.1,12.1
857,GB,1994,GB1994,21.1,21.9,13.5,-10.4,-2.7,3.1
858,MIA,1994,MIA1994,16.5,13.5,18.5,-1.9,-3.9,16.6
859,KC,1994,KC1994,13.3,11.6,8.1,-4.6,0.6,3.5
860,LAC,1994,LAC1994,10.3,7.4,9.2,4.4,5.5,13.6
861,PHI,1994,PHI1994,9.9,2.3,-1.9,-10.6,1.2,-12.5
862,CLE,1994,CLE1994,9.4,8.3,-3.9,-3.2,10.1,-7.1
863,MIN,1994,MIN1994,5,0.8,-4,-11.2,-2.3,-15.2
864,NE,1994,NE1994,4.6,6.7,-1,-4.9,0.7,-5.9
865,DET,1994,DET1994,4.4,12.1,7.4,2.7,-0.3,10.1
866,BUF,1994,BUF1994,0.7,-2.8,5,4.5,0.1,9.5
867,NO,1994,NO1994,-0.2,1.8,7.3,4,-3.5,11.3
868,LV,1994,LV1994,-4.6,0.9,-9.4,-2.9,1.8,-12.3
869,CHI,1994,CHI1994,-5,-2.3,-0.8,2.7,-1.4,1.9
870,NYJ,1994,NYJ1994,-6.9,-6.2,-1.8,3.7,-1.4,1.9
871,SEA,1994,SEA1994,-7.2,-18,-10.9,-0.4,3.3,-11.3
872,NYG,1994,NYG1994,-8.4,-9,-8,3.6,3.2,-4.4
873,IND,1994,IND1994,-8.7,-6.4,-6.3,0.6,-1.8,-5.7
874,ARI,1994,ARI1994,-10.1,3.4,-16.6,-11.3,-4.8,-27.9
875,DEN,1994,DEN1994,-11.3,-10.8,1.4,14.7,2,16.1
876,ATL,1994,ATL1994,-11.9,-13.4,-5.3,3.9,-2.7,-1.4
877,LAR,1994,LAR1994,-12.8,-11.6,-0.7,6.3,-5.9,5.6
878,WAS,1994,WAS1994,-18.9,-20.4,-10.1,13.1,4.2,3
879,TB,1994,TB1994,-20,-16.2,-6.9,14.6,1.5,7.7
880,CIN,1994,CIN1994,-27.2,-27.2,-16.9,7.5,-2.8,-9.4
881,TEN,1994,TEN1994,-29.9,-27.2,-22.2,5.8,-1.9,-16.4
882,DAL,1993,DAL1993,24.7,28.6,22.3,1.3,3.8,23.6
883,SF,1993,SF1993,24.4,24.5,31.9,4.8,-2.6,36.7
884,KC,1993,KC1993,20,17.9,12.6,-9.4,-2.1,3.2
885,TEN,1993,TEN1993,18.9,32.1,-1.4,-18.1,2.2,-19.5
886,LAC,1993,LAC1993,17.9,25.9,11.9,-3.5,2.5,8.4
887,DEN,1993,DEN1993,13.7,14.5,15,-1.3,-2.6,13.7
888,NYG,1993,NYG1993,12.8,13.1,11.2,-0.6,0.9,10.6
889,PIT,1993,PIT1993,12.4,6.4,-1.2,-16.9,-3.3,-18.1
890,GB,1993,GB1993,10.8,9.7,-3.4,-9.1,5.2,-12.5
891,LV,1993,LV1993,10.8,5.1,4.9,2.1,8,7
892,PHI,1993,PHI1993,8.6,5.9,6.4,-8.1,-5.8,-1.7
893,MIN,1993,MIN1993,8.3,13.9,0.2,-16.2,-8.1,-16
894,BUF,1993,BUF1993,7.8,-2,2,-5.5,0.4,-3.5
895,NYJ,1993,NYJ1993,5.8,-2.4,5.6,-7.3,-7.2,-1.7
896,MIA,1993,MIA1993,3,1.7,11.3,8.2,-0.1,19.5
897,NO,1993,NO1993,0.2,-17.1,-14.2,-7.8,6.6,-22
898,CLE,1993,CLE1993,0,5.6,-7.4,-2.2,5.2,-9.6
899,ARI,1993,ARI1993,-1.7,6.2,4.2,8.3,2.4,12.5
900,DET,1993,DET1993,-2.3,-0.4,-11.7,-4.1,5.3,-15.8
901,SEA,1993,SEA1993,-5.4,-7,-8,-5,-2.4,-13
902,CHI,1993,CHI1993,-7.2,-12.6,-14.6,-4.7,2.7,-19.3
903,ATL,1993,ATL1993,-8.3,-2,-7.5,7.4,6.6,-0.1
904,LAR,1993,LAR1993,-22.9,-29.7,2.6,19.7,-5.9,22.3
905,WAS,1993,WAS1993,-24,-29.2,-10.2,12.3,-1.5,2.1
906,NE,1993,NE1993,-25.8,-14.2,-12.2,7.6,-6,-4.6
907,CIN,1993,CIN1993,-31.4,-23.2,-14.1,16.8,-0.5,2.7
908,TB,1993,TB1993,-33.7,-19.6,-20.9,11.3,-1.5,-9.6
909,IND,1993,IND1993,-38.9,-38.5,-21,18,0.1,-3
