index,team,schedule_season,team_year,sec_play_total,sec_play_neutral,sec_play_composite
1,LAC,2021,LAC2021,26.07,29.48,27.775
2,DAL,2021,DAL2021,26.3,28.38,27.34
3,JAX,2021,JAX2021,26.51,31.36,28.935
4,TB,2021,TB2021,26.58,28.66,27.62
5,PIT,2021,PIT2021,26.63,30.31,28.47
6,SEA,2021,SEA2021,26.68,30.18,28.43
7,NYJ,2021,NYJ2021,26.77,30.68,28.725
8,MIN,2021,MIN2021,26.97,31.15,29.06
9,KC,2021,KC2021,27.06,29.2,28.13
10,NYG,2021,NYG2021,27.09,30.54,28.815
11,LAR,2021,LAR2021,27.24,29.27,28.255
12,ARI,2021,ARI2021,27.41,30.07,28.74
13,DET,2021,DET2021,27.43,32.64,30.035
14,BUF,2021,BUF2021,27.5,30.24,28.87
15,MIA,2021,MIA2021,27.63,31.04,29.335
16,PHI,2021,PHI2021,27.63,29.31,28.47
17,CAR,2021,CAR2021,27.68,31.32,29.5
18,ATL,2021,ATL2021,27.75,30.35,29.05
19,HOU,2021,HOU2021,27.77,32.16,29.965
20,BAL,2021,BAL2021,27.86,32.42,30.14
21,CHI,2021,CHI2021,28.02,31.88,29.95
22,LV,2021,LV2021,28.16,31.06,29.61
23,WAS,2021,WAS2021,28.5,31.38,29.94
24,NE,2021,NE2021,28.6,32.57,30.585
25,NO,2021,NO2021,28.94,31.03,29.985
26,CLE,2021,CLE2021,29.19,32.26,30.725
27,TEN,2021,TEN2021,29.23,31.88,30.555
28,DEN,2021,DEN2021,29.45,32.29,30.87
29,SF,2021,SF2021,29.52,32.62,31.07
30,CIN,2021,CIN2021,29.75,32.79,31.27
31,IND,2021,IND2021,30.12,33.54,31.83
32,GB,2021,GB2021,30.54,32.8,31.67
33,DAL,2020,DAL2020,23.59,27.48,25.535
34,ARI,2020,ARI2020,25.06,27.14,26.1
35,PHI,2020,PHI2020,25.91,30.4,28.155
36,TEN,2020,TEN2020,25.99,28.56,27.275
37,DEN,2020,DEN2020,26.13,29.75,27.94
38,JAX,2020,JAX2020,26.18,31.08,28.63
39,DET,2020,DET2020,26.32,29.65,27.985
40,ATL,2020,ATL2020,26.32,29.58,27.95
41,TB,2020,TB2020,26.49,28.82,27.655
42,WAS,2020,WAS2020,26.52,29.92,28.22
43,LAC,2020,LAC2020,26.53,29.14,27.835
44,HOU,2020,HOU2020,27,30.27,28.635
45,KC,2020,KC2020,27.05,29.37,28.21
46,CHI,2020,CHI2020,27.21,31.5,29.355
47,NYJ,2020,NYJ2020,27.46,30.59,29.025
48,LAR,2020,LAR2020,27.62,29.8,28.71
49,MIN,2020,MIN2020,27.62,31.38,29.5
50,NE,2020,NE2020,27.66,29.83,28.745
51,SEA,2020,SEA2020,27.72,30.68,29.2
52,PIT,2020,PIT2020,27.72,29.24,28.48
53,NYG,2020,NYG2020,27.72,30.55,29.135
54,LV,2020,LV2020,27.9,30.99,29.445
55,IND,2020,IND2020,27.92,30.55,29.235
56,CIN,2020,CIN2020,27.93,30.31,29.12
57,SF,2020,SF2020,28.07,32.63,30.35
58,MIA,2020,MIA2020,28.35,31.34,29.845
59,CLE,2020,CLE2020,28.4,30.61,29.505
60,BUF,2020,BUF2020,28.65,29.78,29.215
61,NO,2020,NO2020,28.83,31.54,30.185
62,CAR,2020,CAR2020,28.9,31.86,30.38
63,BAL,2020,BAL2020,29.57,32.63,31.1
64,GB,2020,GB2020,31.09,32.83,31.96
65,CAR,2019,CAR2019,25.05,28.56,26.805
66,DAL,2019,DAL2019,25.54,28.26,26.9
67,LAR,2019,LAR2019,25.61,28.3,26.955
68,ARI,2019,ARI2019,25.71,28.35,27.03
69,ATL,2019,ATL2019,26.21,29.92,28.065
70,CIN,2019,CIN2019,26.33,29.25,27.79
71,MIA,2019,MIA2019,26.41,30.24,28.325
72,TB,2019,TB2019,26.51,30.53,28.52
73,DET,2019,DET2019,26.56,30.12,28.34
74,NYG,2019,NYG2019,26.82,29.82,28.32
75,NE,2019,NE2019,26.96,27.69,27.325
76,BUF,2019,BUF2019,27.48,30.11,28.795
77,MIN,2019,MIN2019,27.65,30.08,28.865
78,IND,2019,IND2019,27.71,31.79,29.75
79,HOU,2019,HOU2019,27.72,30.49,29.105
80,JAX,2019,JAX2019,27.76,32.72,30.24
81,CHI,2019,CHI2019,27.78,31.51,29.645
82,KC,2019,KC2019,27.91,29.1,28.505
83,PHI,2019,PHI2019,28.14,30.81,29.475
84,SEA,2019,SEA2019,28.23,31.79,30.01
85,NYJ,2019,NYJ2019,28.27,30.6,29.435
86,TEN,2019,TEN2019,28.37,31.25,29.81
87,CLE,2019,CLE2019,28.52,32.23,30.375
88,PIT,2019,PIT2019,28.56,32.33,30.445
89,DEN,2019,DEN2019,28.61,31.45,30.03
90,WAS,2019,WAS2019,28.62,33.03,30.825
91,LAC,2019,LAC2019,28.68,33.14,30.91
92,GB,2019,GB2019,28.86,31.06,29.96
93,SF,2019,SF2019,28.91,31.36,30.135
94,LV,2019,OAK2019,29.37,31.8,30.585
95,NO,2019,NO2019,29.61,31.63,30.62
96,BAL,2019,BAL2019,30.63,32.22,31.425
97,IND,2018,IND2018,26.3,28.53,27.415
98,DEN,2018,DEN2018,26.76,30.23,28.495
99,LAR,2018,LAR2018,26.83,29.05,27.94
100,BAL,2018,BAL2018,26.87,29.8,28.335
101,CLE,2018,CLE2018,26.99,31.09,29.04
102,NE,2018,NE2018,27.01,28.18,27.595
103,TB,2018,TB2018,27.1,29.59,28.345
104,GB,2018,GB2018,27.16,31.46,29.31
105,HOU,2018,HOU2018,27.37,30.27,28.82
106,NYG,2018,NYG2018,27.4,31.25,29.325
107,MIN,2018,MIN2018,27.41,31.77,29.59
108,CIN,2018,CIN2018,27.42,30.83,29.125
109,ATL,2018,ATL2018,27.49,30.18,28.835
110,KC,2018,KC2018,27.52,29.92,28.72
111,PIT,2018,PIT2018,27.62,30.42,29.02
112,SF,2018,SF2018,27.73,30.39,29.06
113,NYJ,2018,NYJ2018,27.78,32.51,30.145
114,ARI,2018,ARI2018,27.84,31.46,29.65
115,JAX,2018,JAX2018,28.18,32.27,30.225
116,BUF,2018,BUF2018,28.25,31.09,29.67
117,WAS,2018,WAS2018,28.61,33.19,30.9
118,CAR,2018,CAR2018,28.63,32.3,30.465
119,DET,2018,DET2018,28.68,32.64,30.66
120,DAL,2018,DAL2018,28.73,31.67,30.2
121,LV,2018,OAK2018,29.05,32.07,30.56
122,SEA,2018,SEA2018,29.1,31.36,30.23
123,PHI,2018,PHI2018,29.39,32.69,31.04
124,TEN,2018,TEN2018,29.52,31.93,30.725
125,NO,2018,NO2018,29.53,31.07,30.3
126,CHI,2018,CHI2018,29.82,32.32,31.07
127,MIA,2018,MIA2018,30.08,32.74,31.41
128,LAC,2018,LAC2018,30.25,31.25,30.75
129,SF,2017,SF2017,25.58,29.31,27.445
130,NYG,2017,NYG2017,25.99,29.1,27.545
131,BUF,2017,BUF2017,26.08,29.63,27.855
132,CLE,2017,CLE2017,26.35,31.19,28.77
133,NE,2017,NE2017,26.5,27.92,27.21
134,TB,2017,TB2017,26.74,29.83,28.285
135,BAL,2017,BAL2017,27.08,29.42,28.25
136,ARI,2017,ARI2017,27.2,30.72,28.96
137,SEA,2017,SEA2017,27.29,30.02,28.655
138,DEN,2017,DEN2017,27.31,29.64,28.475
139,HOU,2017,HOU2017,27.5,29.57,28.535
140,GB,2017,GB2017,27.57,31.54,29.555
141,CIN,2017,CIN2017,27.68,29.23,28.455
142,LAR,2017,LAR2017,27.72,27.9,27.81
143,LAC,2017,LAC2017,27.78,30.43,29.105
144,IND,2017,IND2017,27.79,31.21,29.5
145,MIA,2017,MIA2017,27.8,32.02,29.91
146,JAX,2017,JAX2017,27.92,30.12,29.02
147,DAL,2017,DAL2017,28.06,30.98,29.52
148,ATL,2017,ATL2017,28.14,31.14,29.64
149,DET,2017,DET2017,28.21,31.7,29.955
150,PIT,2017,PIT2017,28.25,31.69,29.97
151,WAS,2017,WAS2017,28.31,30.95,29.63
152,PHI,2017,PHI2017,28.32,30.75,29.535
153,MIN,2017,MIN2017,28.46,29.5,28.98
154,TEN,2017,TEN2017,28.51,31.72,30.115
155,LV,2017,OAK2017,28.55,32.5,30.525
156,NYJ,2017,NYJ2017,28.61,31.39,30
157,NO,2017,NO2017,28.81,30.53,29.67
158,KC,2017,KC2017,28.85,32.57,30.71
159,CHI,2017,CHI2017,29.16,33.31,31.235
160,CAR,2017,CAR2017,29.35,30.98,30.165
161,SF,2016,SF2016,25.43,28.97,27.2
162,JAX,2016,JAX2016,25.79,30.08,27.935
163,NO,2016,NO2016,26.13,28.95,27.54
164,NYG,2016,NYG2016,26.14,28.72,27.43
165,BAL,2016,BAL2016,26.42,30.18,28.3
166,DEN,2016,DEN2016,26.46,29.19,27.825
167,ARI,2016,ARI2016,26.63,30.56,28.595
168,CIN,2016,CIN2016,26.81,29.65,28.23
169,CLE,2016,CLE2016,26.86,30.26,28.56
170,TB,2016,TB2016,27.13,29.79,28.46
171,CAR,2016,CAR2016,27.18,30.24,28.71
172,CHI,2016,CHI2016,27.21,31.08,29.145
173,HOU,2016,HOU2016,27.32,30.5,28.91
174,SEA,2016,SEA2016,27.48,30.75,29.115
175,NE,2016,NE2016,27.51,29.23,28.37
176,BUF,2016,BUF2016,27.54,30.23,28.885
177,WAS,2016,WAS2016,27.55,31.08,29.315
178,IND,2016,IND2016,27.77,30.36,29.065
179,PHI,2016,PHI2016,27.89,31.45,29.67
180,PIT,2016,PIT2016,28.09,31.06,29.575
181,LAC,2016,SD2016,28.14,30.87,29.505
182,LV,2016,OAK2016,28.14,30.78,29.46
183,ATL,2016,ATL2016,28.29,29.1,28.695
184,MIN,2016,MIN2016,28.35,30.36,29.355
185,GB,2016,GB2016,28.37,30.81,29.59
186,TEN,2016,TEN2016,28.45,33.08,30.765
187,DET,2016,DET2016,28.49,31.27,29.88
188,NYJ,2016,NYJ2016,28.53,31.43,29.98
189,KC,2016,KC2016,28.71,31.76,30.235
190,LAR,2016,LAR2016,28.73,31.79,30.26
191,DAL,2016,DAL2016,29.48,32.19,30.835
192,MIA,2016,MIA2016,29.84,32.44,31.14
193,PHI,2015,PHI2015,22.21,23.94,23.075
194,NYG,2015,NYG2015,25.2,28.5,26.85
195,HOU,2015,HOU2015,25.58,28.28,26.93
196,JAX,2015,JAX2015,25.75,29.5,27.625
197,SF,2015,SF2015,25.78,28.57,27.175
198,BAL,2015,BAL2015,26.12,29.37,27.745
199,TB,2015,TB2015,26.36,29.9,28.13
200,MIA,2015,MIA2015,26.46,30.13,28.295
201,NE,2015,NE2015,26.73,28.24,27.485
202,GB,2015,GB2015,26.77,29.4,28.085
203,DEN,2015,DEN2015,26.86,28.92,27.89
204,IND,2015,IND2015,26.91,29.63,28.27
205,NO,2015,NO2015,26.93,29.46,28.195
206,LAC,2015,SD2015,26.99,29.74,28.365
207,PIT,2015,PIT2015,27.12,30.55,28.835
208,NYJ,2015,NYJ2015,27.23,30.11,28.67
209,LV,2015,OAK2015,27.45,30.61,29.03
210,CLE,2015,CLE2015,27.72,31.03,29.375
211,CAR,2015,CAR2015,28.13,29.74,28.935
212,ATL,2015,ATL2015,28.19,30.38,29.285
213,CHI,2015,CHI2015,28.46,31.74,30.1
214,LAR,2015,STL2015,28.55,31.93,30.24
215,TEN,2015,TEN2015,28.61,31.7,30.155
216,DET,2015,DET2015,28.7,32.73,30.715
217,ARI,2015,ARI2015,28.72,31.04,29.88
218,BUF,2015,BUF2015,28.86,31.39,30.125
219,MIN,2015,MIN2015,28.93,31.57,30.25
220,SEA,2015,SEA2015,29.05,31.7,30.375
221,CIN,2015,CIN2015,29.1,30.52,29.81
222,WAS,2015,WAS2015,29.25,32.49,30.87
223,KC,2015,KC2015,29.94,33.71,31.825
224,DAL,2015,DAL2015,29.95,32.95,31.45
225,PHI,2014,PHI2014,21.95,22.22,22.085
226,NE,2014,NE2014,25.54,26.61,26.075
227,JAX,2014,JAX2014,25.74,29.41,27.575
228,CLE,2014,CLE2014,26.01,27.85,26.93
229,NO,2014,NO2014,26.32,29.54,27.93
230,ATL,2014,ATL2014,26.52,29,27.76
231,NYG,2014,NYG2014,26.55,29.65,28.1
232,LV,2014,OAK2014,26.78,29.8,28.29
233,IND,2014,IND2014,26.91,27.94,27.425
234,DEN,2014,DEN2014,26.95,29.28,28.115
235,MIA,2014,MIA2014,26.95,30.06,28.505
236,BUF,2014,BUF2014,26.97,29.71,28.34
237,BAL,2014,BAL2014,26.97,28.63,27.8
238,HOU,2014,HOU2014,27.15,29.24,28.195
239,TB,2014,TB2014,27.25,30.22,28.735
240,NYJ,2014,NYJ2014,27.29,30.92,29.105
241,MIN,2014,MIN2014,27.31,30.7,29.005
242,CIN,2014,CIN2014,27.87,29.42,28.645
243,ARI,2014,ARI2014,27.93,30.01,28.97
244,DET,2014,DET2014,28.07,31.28,29.675
245,TEN,2014,TEN2014,28.19,32.56,30.375
246,PIT,2014,PIT2014,28.29,31.59,29.94
247,CAR,2014,CAR2014,28.3,30.7,29.5
248,GB,2014,GB2014,28.32,29.15,28.735
249,CHI,2014,CHI2014,28.45,32.29,30.37
250,LAR,2014,STL2014,28.48,33.13,30.805
251,WAS,2014,WAS2014,28.65,31.81,30.23
252,LAC,2014,SD2014,28.83,32.18,30.505
253,KC,2014,KC2014,29.05,32.56,30.805
254,SF,2014,SF2014,29.28,31.35,30.315
255,SEA,2014,SEA2014,29.38,32.38,30.88
256,DAL,2014,DAL2014,30.12,32.83,31.475
257,PHI,2013,PHI2013,23.38,23.88,23.63
258,BUF,2013,BUF2013,23.95,24.92,24.435
259,NE,2013,NE2013,24.65,26.59,25.62
260,DEN,2013,DEN2013,24.73,25.86,25.295
261,CLE,2013,CLE2013,24.96,28.9,26.93
262,JAX,2013,JAX2013,25.12,28.37,26.745
263,BAL,2013,BAL2013,25.79,28.28,27.035
264,WAS,2013,WAS2013,26.22,30.8,28.51
265,MIN,2013,MIN2013,26.22,28.64,27.43
266,MIA,2013,MIA2013,26.66,30.08,28.37
267,GB,2013,GB2013,26.69,28.92,27.805
268,IND,2013,IND2013,26.87,28.5,27.685
269,HOU,2013,HOU2013,26.91,30.82,28.865
270,TEN,2013,TEN2013,27.4,30.91,29.155
271,NYJ,2013,NYJ2013,27.45,29.38,28.415
272,DET,2013,DET2013,27.61,30.95,29.28
273,ARI,2013,ARI2013,27.72,30.16,28.94
274,NYG,2013,NYG2013,27.74,31.08,29.41
275,ATL,2013,ATL2013,27.77,31.69,29.73
276,LV,2013,OAK2013,27.93,31.94,29.935
277,LAR,2013,STL2013,28.09,32.31,30.2
278,PIT,2013,PIT2013,28.14,32.31,30.225
279,TB,2013,TB2013,28.18,30.68,29.43
280,CIN,2013,CIN2013,28.2,30,29.1
281,KC,2013,KC2013,28.23,29.28,28.755
282,DAL,2013,DAL2013,28.25,30.84,29.545
283,NO,2013,NO2013,28.25,30.26,29.255
284,CHI,2013,CHI2013,28.64,31.21,29.925
285,SEA,2013,SEA2013,29.08,31.49,30.285
286,SF,2013,SF2013,29.45,30.71,30.08
287,LAC,2013,SD2013,29.47,31.96,30.715
288,CAR,2013,CAR2013,29.93,32,30.965
289,NE,2012,NE2012,24.12,24.53,24.325
290,BAL,2012,BAL2012,25.64,27.54,26.59
291,NO,2012,NO2012,25.69,27.82,26.755
292,PHI,2012,PHI2012,25.73,29.23,27.48
293,DET,2012,DET2012,25.75,29.7,27.725
294,IND,2012,IND2012,25.84,29.47,27.655
295,JAX,2012,JAX2012,26.35,30.69,28.52
296,CLE,2012,CLE2012,26.36,28.26,27.31
297,MIN,2012,MIN2012,26.52,29.72,28.12
298,LV,2012,OAK2012,26.58,30.57,28.575
299,DEN,2012,DEN2012,26.73,27.45,27.09
300,TEN,2012,TEN2012,26.88,31.04,28.96
301,ARI,2012,ARI2012,26.94,30.11,28.525
302,GB,2012,GB2012,27.19,28.69,27.94
303,MIA,2012,MIA2012,27.54,29.23,28.385
304,NYJ,2012,NYJ2012,27.55,30.43,28.99
305,LAR,2012,STL2012,27.64,31.79,29.715
306,DAL,2012,DAL2012,27.68,31.72,29.7
307,CIN,2012,CIN2012,27.77,28.82,28.295
308,KC,2012,KC2012,27.83,31.57,29.7
309,NYG,2012,NYG2012,27.83,30.79,29.31
310,TB,2012,TB2012,27.95,31.53,29.74
311,ATL,2012,ATL2012,27.97,29.91,28.94
312,CAR,2012,CAR2012,28.4,31.12,29.76
313,HOU,2012,HOU2012,28.75,30.52,29.635
314,BUF,2012,BUF2012,28.75,32.19,30.47
315,WAS,2012,WAS2012,29.24,31.96,30.6
316,PIT,2012,PIT2012,29.34,31.89,30.615
317,CHI,2012,CHI2012,29.55,31.27,30.41
318,LAC,2012,SD2012,29.94,32.79,31.365
319,SF,2012,SF2012,30.18,33.17,31.675
320,SEA,2012,SEA2012,30.55,33,31.775
321,NE,2011,NE2011,24.76,26.43,25.595
322,IND,2011,IND2011,25.78,28.64,27.21
323,LAR,2011,STL2011,26.06,29.11,27.585
324,TEN,2011,TEN2011,26.41,30.53,28.47
325,SEA,2011,SEA2011,26.45,29.34,27.895
326,MIN,2011,MIN2011,26.64,29.86,28.25
327,DET,2011,DET2011,26.67,29.4,28.035
328,NO,2011,NO2011,26.68,28.99,27.835
329,CLE,2011,CLE2011,26.72,30.5,28.61
330,NYG,2011,NYG2011,26.94,30.17,28.555
331,KC,2011,KC2011,27.01,30.09,28.55
332,ARI,2011,ARI2011,27.12,30.52,28.82
333,WAS,2011,WAS2011,27.27,30.18,28.725
334,BAL,2011,BAL2011,27.28,29.26,28.27
335,LV,2011,OAK2011,27.38,31.05,29.215
336,DEN,2011,DEN2011,27.39,30.83,29.11
337,CIN,2011,CIN2011,27.68,30.46,29.07
338,JAX,2011,JAX2011,28.07,30.96,29.515
339,TB,2011,TB2011,28.08,33.5,30.79
340,NYJ,2011,NYJ2011,28.1,31.57,29.835
341,ATL,2011,ATL2011,28.18,31.61,29.895
342,CAR,2011,CAR2011,28.26,31.97,30.115
343,PHI,2011,PHI2011,28.28,30.02,29.15
344,BUF,2011,BUF2011,28.33,31.47,29.9
345,DAL,2011,DAL2011,28.63,31.87,30.25
346,MIA,2011,MIA2011,28.64,30.7,29.67
347,LAC,2011,SD2011,28.78,31.95,30.365
348,GB,2011,GB2011,28.8,29.72,29.26
349,CHI,2011,CHI2011,28.89,31.11,30
350,HOU,2011,HOU2011,29.01,30.94,29.975
351,SF,2011,SF2011,29.56,30.65,30.105
352,PIT,2011,PIT2011,29.95,32.03,30.99
353,IND,2010,IND2010,25.74,28.36,27.05
354,DEN,2010,DEN2010,25.93,28.8,27.365
355,DET,2010,DET2010,26.15,29.57,27.86
356,ARI,2010,ARI2010,26.4,30.17,28.285
357,CAR,2010,CAR2010,26.54,30.83,28.685
358,SEA,2010,SEA2010,26.58,29.71,28.145
359,WAS,2010,WAS2010,26.74,30.19,28.465
360,TEN,2010,TEN2010,26.77,29.94,28.355
361,HOU,2010,HOU2010,26.8,30.45,28.625
362,LAR,2010,STL2010,27.26,29.73,28.495
363,MIA,2010,MIA2010,27.42,30.14,28.78
364,LV,2010,OAK2010,27.7,30.96,29.33
365,NYJ,2010,NYJ2010,27.78,30.09,28.935
366,CIN,2010,CIN2010,27.87,31.01,29.44
367,KC,2010,KC2010,27.88,30.63,29.255
368,NE,2010,NE2010,27.9,29.17,28.535
369,ATL,2010,ATL2010,27.93,30.45,29.19
370,PHI,2010,PHI2010,28,29.85,28.925
371,NO,2010,NO2010,28.12,30.63,29.375
372,BUF,2010,BUF2010,28.13,31.07,29.6
373,DAL,2010,DAL2010,28.25,32.54,30.395
374,SF,2010,SF2010,28.43,31.8,30.115
375,CLE,2010,CLE2010,28.53,31.36,29.945
376,BAL,2010,BAL2010,28.86,29.96,29.41
377,MIN,2010,MIN2010,29.2,32.67,30.935
378,JAX,2010,JAX2010,29.27,32.08,30.675
379,CHI,2010,CHI2010,29.38,32.41,30.895
380,NYG,2010,NYG2010,29.52,32.43,30.975
381,LAC,2010,SD2010,29.63,31.98,30.805
382,GB,2010,GB2010,29.92,31.53,30.725
383,TB,2010,TB2010,30.15,32.92,31.535
384,PIT,2010,PIT2010,30.2,33.34,31.77
385,SEA,2009,SEA2009,24.67,26.8,25.735
386,KC,2009,KC2009,25.64,28.31,26.975
387,DET,2009,DET2009,26.14,30.75,28.445
388,IND,2009,IND2009,26.58,28.19,27.385
389,ATL,2009,ATL2009,26.65,29.39,28.02
390,PHI,2009,PHI2009,26.77,29.47,28.12
391,TEN,2009,TEN2009,26.99,30.78,28.885
392,BAL,2009,BAL2009,27.19,29.22,28.205
393,DEN,2009,DEN2009,27.21,29.29,28.25
394,LAR,2009,STL2009,27.42,30.75,29.085
395,MIA,2009,MIA2009,27.52,32.21,29.865
396,CHI,2009,CHI2009,27.57,30.04,28.805
397,CAR,2009,CAR2009,27.58,31.03,29.305
398,CLE,2009,CLE2009,27.84,30.41,29.125
399,LV,2009,OAK2009,27.97,32.32,30.145
400,WAS,2009,WAS2009,28.03,29.47,28.75
401,TB,2009,TB2009,28.07,32.6,30.335
402,JAX,2009,JAX2009,28.13,31.37,29.75
403,HOU,2009,HOU2009,28.51,30.32,29.415
404,ARI,2009,ARI2009,28.6,31.49,30.045
405,NO,2009,NO2009,28.62,30.84,29.73
406,BUF,2009,BUF2009,28.64,31.09,29.865
407,NE,2009,NE2009,28.72,30.27,29.495
408,LAC,2009,SD2009,28.73,30.47,29.6
409,NYJ,2009,NYJ2009,28.87,30.23,29.55
410,NYG,2009,NYG2009,28.99,32.24,30.615
411,MIN,2009,MIN2009,29.12,31.58,30.35
412,GB,2009,GB2009,29.44,30.55,29.995
413,DAL,2009,DAL2009,29.58,31.91,30.745
414,SF,2009,SF2009,29.64,32.23,30.935
415,CIN,2009,CIN2009,30.01,32.74,31.375
416,PIT,2009,PIT2009,30.22,32.74,31.48
417,DEN,2008,DEN2008,26.19,29.03,27.61
418,SEA,2008,SEA2008,26.75,28.4,27.575
419,CHI,2008,CHI2008,26.91,29.4,28.155
420,NO,2008,NO2008,27.25,29.94,28.595
421,NE,2008,NE2008,27.28,29.04,28.16
422,PHI,2008,PHI2008,27.57,29.17,28.37
423,KC,2008,KC2008,27.58,31.33,29.455
424,DET,2008,DET2008,27.69,31.69,29.69
425,IND,2008,IND2008,27.73,29.5,28.615
426,CLE,2008,CLE2008,27.74,30.35,29.045
427,CIN,2008,CIN2008,27.84,31.04,29.44
428,LAR,2008,STL2008,27.88,30.69,29.285
429,TEN,2008,TEN2008,27.98,28.5,28.24
430,ARI,2008,ARI2008,28.24,30.22,29.23
431,WAS,2008,WAS2008,28.43,30.59,29.51
432,SF,2008,SF2008,28.53,31.94,30.235
433,TB,2008,TB2008,28.55,31.26,29.905
434,MIN,2008,MIN2008,28.68,31.25,29.965
435,ATL,2008,ATL2008,28.81,29.64,29.225
436,LV,2008,OAK2008,28.81,31.94,30.375
437,DAL,2008,DAL2008,28.89,31.45,30.17
438,BUF,2008,BUF2008,29.02,32.4,30.71
439,GB,2008,GB2008,29.02,31.71,30.365
440,LAC,2008,SD2008,29.06,31.03,30.045
441,PIT,2008,PIT2008,29.18,31.72,30.45
442,CAR,2008,CAR2008,29.19,30.98,30.085
443,BAL,2008,BAL2008,29.27,29.83,29.55
444,HOU,2008,HOU2008,29.27,32.33,30.8
445,JAX,2008,JAX2008,29.36,33.04,31.2
446,NYJ,2008,NYJ2008,29.61,31.3,30.455
447,NYG,2008,NYG2008,30.22,31.82,31.02
448,MIA,2008,MIA2008,30.24,33.61,31.925
449,CHI,2007,CHI2007,25.57,28.99,27.28
450,SEA,2007,SEA2007,26.36,28.16,27.26
451,DET,2007,DET2007,26.61,30,28.305
452,NYJ,2007,NYJ2007,26.66,31.89,29.275
453,ATL,2007,ATL2007,27.08,29.73,28.405
454,CAR,2007,CAR2007,27.1,30.59,28.845
455,CIN,2007,CIN2007,27.15,30.36,28.755
456,IND,2007,IND2007,27.24,28.16,27.7
457,LAR,2007,STL2007,27.4,31.5,29.45
458,CLE,2007,CLE2007,27.43,30.77,29.1
459,PHI,2007,PHI2007,27.5,29.83,28.665
460,WAS,2007,WAS2007,27.54,29.88,28.71
461,NO,2007,NO2007,27.62,29.09,28.355
462,SF,2007,SF2007,27.64,32.21,29.925
463,BAL,2007,BAL2007,27.79,31.21,29.5
464,MIA,2007,MIA2007,27.99,31.61,29.8
465,KC,2007,KC2007,28.08,30.78,29.43
466,ARI,2007,ARI2007,28.15,30.47,29.31
467,DEN,2007,DEN2007,28.15,30.67,29.41
468,NYG,2007,NYG2007,28.24,31.98,30.11
469,TEN,2007,TEN2007,28.39,31.92,30.155
470,HOU,2007,HOU2007,28.49,31,29.745
471,GB,2007,GB2007,28.5,31.18,29.84
472,LAC,2007,SD2007,28.58,30.06,29.32
473,MIN,2007,MIN2007,28.74,31.19,29.965
474,NE,2007,NE2007,28.95,29.34,29.145
475,TB,2007,TB2007,29.03,31.7,30.365
476,DAL,2007,DAL2007,29.2,30.92,30.06
477,LV,2007,OAK2007,29.2,32.42,30.81
478,BUF,2007,BUF2007,29.31,32.23,30.77
479,JAX,2007,JAX2007,29.51,30.89,30.2
480,PIT,2007,PIT2007,31.31,33.94,32.625
481,GB,2006,GB2006,26.31,28.01,27.16
482,SEA,2006,SEA2006,26.6,28.35,27.475
483,DET,2006,DET2006,26.71,29.31,28.01
484,CIN,2006,CIN2006,26.82,28.14,27.48
485,MIA,2006,MIA2006,26.98,29.78,28.38
486,TEN,2006,TEN2006,27.04,29.75,28.395
487,IND,2006,IND2006,27.25,29.39,28.32
488,LAR,2006,STL2006,27.32,30.21,28.765
489,TB,2006,TB2006,27.48,31.2,29.34
490,CHI,2006,CHI2006,27.51,27.67,27.59
491,PHI,2006,PHI2006,27.6,29.31,28.455
492,ARI,2006,ARI2006,27.79,30.76,29.275
493,NO,2006,NO2006,27.8,28.89,28.345
494,LV,2006,OAK2006,27.85,30.85,29.35
495,NYG,2006,NYG2006,27.89,30.78,29.335
496,ATL,2006,ATL2006,27.93,29.8,28.865
497,NE,2006,NE2006,27.98,29.46,28.72
498,KC,2006,KC2006,28.28,31.7,29.99
499,PIT,2006,PIT2006,28.35,31.79,30.07
500,DAL,2006,DAL2006,28.52,30.23,29.375
501,NYJ,2006,NYJ2006,28.62,30.9,29.76
502,CAR,2006,CAR2006,28.65,32.22,30.435
503,HOU,2006,HOU2006,28.78,31.21,29.995
504,WAS,2006,WAS2006,28.81,31.56,30.185
505,LAC,2006,SD2006,29.09,30.97,30.03
506,MIN,2006,MIN2006,29.16,32.79,30.975
507,DEN,2006,DEN2006,29.19,30.71,29.95
508,BUF,2006,BUF2006,29.21,31.03,30.12
509,SF,2006,SF2006,29.24,31.95,30.595
510,CLE,2006,CLE2006,29.37,33.44,31.405
511,BAL,2006,BAL2006,30.19,32.66,31.425
512,JAX,2006,JAX2006,30.36,33.59,31.975
513,MIA,2005,MIA2005,24.95,27.73,26.34
514,PHI,2005,PHI2005,26.05,27.95,27
515,LV,2005,OAK2005,26.28,29.45,27.865
516,ARI,2005,ARI2005,26.84,29.86,28.35
517,BAL,2005,BAL2005,27.02,30.76,28.89
518,NYG,2005,NYG2005,27.39,29.78,28.585
519,NYJ,2005,NYJ2005,27.49,30.87,29.18
520,SEA,2005,SEA2005,27.5,27.78,27.64
521,NE,2005,NE2005,27.6,31.28,29.44
522,GB,2005,GB2005,27.6,30.41,29.005
523,LAR,2005,STL2005,27.64,30.85,29.245
524,CLE,2005,CLE2005,27.83,32.28,30.055
525,HOU,2005,HOU2005,27.85,30.89,29.37
526,NO,2005,NO2005,27.9,32.48,30.19
527,ATL,2005,ATL2005,27.91,30.66,29.285
528,KC,2005,KC2005,28.18,30.83,29.505
529,MIN,2005,MIN2005,28.24,31.28,29.76
530,CIN,2005,CIN2005,28.26,29.86,29.06
531,IND,2005,IND2005,28.45,29.63,29.04
532,DAL,2005,DAL2005,28.49,32.46,30.475
533,TEN,2005,TEN2005,28.58,32.01,30.295
534,CHI,2005,CHI2005,28.62,29.66,29.14
535,WAS,2005,WAS2005,28.77,30.57,29.67
536,BUF,2005,BUF2005,28.89,31.69,30.29
537,LAC,2005,SD2005,29.04,31.03,30.035
538,DET,2005,DET2005,29.04,31.94,30.49
539,JAX,2005,JAX2005,29.22,31.69,30.455
540,DEN,2005,DEN2005,29.57,30.75,30.16
541,CAR,2005,CAR2005,29.63,32.26,30.945
542,TB,2005,TB2005,29.65,32.29,30.97
543,SF,2005,SF2005,29.69,33.2,31.445
544,PIT,2005,PIT2005,30.82,31.91,31.365
545,MIA,2004,MIA2004,25.96,29.36,27.66
546,SEA,2004,SEA2004,26.33,28.32,27.325
547,LV,2004,OAK2004,26.57,29.43,28
548,SF,2004,SF2004,26.82,31.41,29.115
549,NO,2004,NO2004,27,30.43,28.715
550,GB,2004,GB2004,27.01,30.22,28.615
551,CIN,2004,CIN2004,27.25,28.97,28.11
552,CHI,2004,CHI2004,27.48,30.97,29.225
553,IND,2004,IND2004,27.76,29.23,28.495
554,DET,2004,DET2004,27.79,30.38,29.085
555,KC,2004,KC2004,27.8,30.72,29.26
556,ARI,2004,ARI2004,27.84,31.39,29.615
557,PHI,2004,PHI2004,27.84,29.84,28.84
558,BAL,2004,BAL2004,27.91,31.38,29.645
559,NE,2004,NE2004,28.13,29.95,29.04
560,NYG,2004,NYG2004,28.24,31.49,29.865
561,TEN,2004,TEN2004,28.27,31.11,29.69
562,HOU,2004,HOU2004,28.3,32.74,30.52
563,CAR,2004,CAR2004,28.33,32.5,30.415
564,ATL,2004,ATL2004,28.36,30.95,29.655
565,DEN,2004,DEN2004,28.37,30.11,29.24
566,DAL,2004,DAL2004,28.57,31.65,30.11
567,CLE,2004,CLE2004,28.59,31.14,29.865
568,WAS,2004,WAS2004,28.67,30.91,29.79
569,BUF,2004,BUF2004,28.73,30.59,29.66
570,JAX,2004,JAX2004,28.8,32.16,30.48
571,MIN,2004,MIN2004,28.91,31.91,30.41
572,TB,2004,TB2004,29.35,31.61,30.48
573,LAR,2004,STL2004,29.49,32.44,30.965
574,LAC,2004,SD2004,29.69,31.57,30.63
575,NYJ,2004,NYJ2004,30.44,32.44,31.44
576,PIT,2004,PIT2004,31.17,32.04,31.605
577,NYG,2003,NYG2003,25.84,30,27.92
578,SEA,2003,SEA2003,26.49,27.86,27.175
579,LV,2003,OAK2003,26.65,31.04,28.845
580,WAS,2003,WAS2003,27.1,28.72,27.91
581,LAC,2003,SD2003,27.3,31.38,29.34
582,DET,2003,DET2003,27.34,30.74,29.04
583,JAX,2003,JAX2003,27.4,30.72,29.06
584,CHI,2003,CHI2003,27.44,31.29,29.365
585,KC,2003,KC2003,27.67,30.31,28.99
586,SF,2003,SF2003,27.76,31.39,29.575
587,PHI,2003,PHI2003,27.94,30.12,29.03
588,NO,2003,NO2003,27.99,30.49,29.24
589,IND,2003,IND2003,28,30.65,29.325
590,CIN,2003,CIN2003,28.05,29.92,28.985
591,ATL,2003,ATL2003,28.11,30.97,29.54
592,PIT,2003,PIT2003,28.13,31.34,29.735
593,LAR,2003,STL2003,28.16,29.73,28.945
594,BAL,2003,BAL2003,28.22,30.69,29.455
595,NYJ,2003,NYJ2003,28.26,32.42,30.34
596,NE,2003,NE2003,28.27,29.72,28.995
597,BUF,2003,BUF2003,28.5,31.04,29.77
598,ARI,2003,ARI2003,28.59,32.77,30.68
599,CAR,2003,CAR2003,28.63,31.66,30.145
600,CLE,2003,CLE2003,28.64,32,30.32
601,DAL,2003,DAL2003,28.88,31.78,30.33
602,GB,2003,GB2003,29.07,31.49,30.28
603,MIN,2003,MIN2003,29.17,31.35,30.26
604,MIA,2003,MIA2003,29.18,30.95,30.065
605,TB,2003,TB2003,29.22,31.74,30.48
606,HOU,2003,HOU2003,29.35,32.97,31.16
607,TEN,2003,TEN2003,30.09,32.44,31.265
608,DEN,2003,DEN2003,30.29,32.73,31.51
609,DET,2002,DET2002,25.48,28.8,27.14
610,CIN,2002,CIN2002,25.89,28.56,27.225
611,SEA,2002,SEA2002,26.3,28.48,27.39
612,NE,2002,NE2002,26.58,29.42,28
613,WAS,2002,WAS2002,26.68,28.05,27.365
614,NO,2002,NO2002,26.88,28.91,27.895
615,CHI,2002,CHI2002,26.99,31.25,29.12
616,PHI,2002,PHI2002,27.2,28.46,27.83
617,DEN,2002,DEN2002,27.32,30.52,28.92
618,ARI,2002,ARI2002,27.39,30.3,28.845
619,BAL,2002,BAL2002,27.42,29.39,28.405
620,MIN,2002,MIN2002,27.61,30.94,29.275
621,IND,2002,IND2002,27.63,31.62,29.625
622,LV,2002,OAK2002,27.7,28.88,28.29
623,BUF,2002,BUF2002,27.71,30.62,29.165
624,HOU,2002,HOU2002,27.82,31.36,29.59
625,JAX,2002,JAX2002,27.93,32.03,29.98
626,LAR,2002,STL2002,27.96,31.71,29.835
627,NYG,2002,NYG2002,27.97,29.12,28.545
628,SF,2002,SF2002,28.04,30.54,29.29
629,DAL,2002,DAL2002,28.1,30.93,29.515
630,KC,2002,KC2002,28.22,31.32,29.77
631,GB,2002,GB2002,28.31,30.39,29.35
632,PIT,2002,PIT2002,28.35,30.28,29.315
633,LAC,2002,SD2002,28.38,30.59,29.485
634,CLE,2002,CLE2002,28.39,31.77,30.08
635,CAR,2002,CAR2002,28.53,31.74,30.135
636,MIA,2002,MIA2002,29.02,31.67,30.345
637,TB,2002,TB2002,29.09,31.61,30.35
638,NYJ,2002,NYJ2002,29.28,32.18,30.73
639,ATL,2002,ATL2002,29.65,31.89,30.77
640,TEN,2002,TEN2002,29.97,32.49,31.23
641,BAL,2001,BAL2001,25.49,29.02,27.255
642,DET,2001,DET2001,25.94,29.67,27.805
643,CIN,2001,CIN2001,25.97,30.07,28.02
644,NO,2001,NO2001,26.57,29.99,28.28
645,CAR,2001,CAR2001,26.73,28.78,27.755
646,KC,2001,KC2001,26.9,30,28.45
647,JAX,2001,JAX2001,26.97,29.36,28.165
648,BUF,2001,BUF2001,26.98,31.34,29.16
649,NYG,2001,NYG2001,27.18,29.95,28.565
650,ARI,2001,ARI2001,27.34,31.67,29.505
651,PHI,2001,PHI2001,27.56,29.33,28.445
652,IND,2001,IND2001,27.66,30.78,29.22
653,LAC,2001,SD2001,27.83,30.43,29.13
654,CHI,2001,CHI2001,28,30.04,29.02
655,MIN,2001,MIN2001,28.07,31.74,29.905
656,LV,2001,OAK2001,28.15,30.03,29.09
657,TB,2001,TB2001,28.23,31.91,30.07
658,DEN,2001,DEN2001,28.4,30.95,29.675
659,SEA,2001,SEA2001,28.47,30.44,29.455
660,CLE,2001,CLE2001,28.61,30.49,29.55
661,TEN,2001,TEN2001,28.68,33.05,30.865
662,NE,2001,NE2001,29.02,31.42,30.22
663,GB,2001,GB2001,29.18,30.68,29.93
664,SF,2001,SF2001,29.22,31.46,30.34
665,NYJ,2001,NYJ2001,29.25,32.02,30.635
666,WAS,2001,WAS2001,29.3,31.76,30.53
667,MIA,2001,MIA2001,29.6,32.33,30.965
668,DAL,2001,DAL2001,29.69,31.46,30.575
669,LAR,2001,STL2001,29.69,30.82,30.255
670,ATL,2001,ATL2001,29.77,32.33,31.05
671,PIT,2001,PIT2001,30.08,31.35,30.715
672,CIN,2000,CIN2000,25.52,28.17,26.845
673,KC,2000,KC2000,25.96,29.12,27.54
674,NYJ,2000,NYJ2000,26.43,30.17,28.3
675,NE,2000,NE2000,26.44,30.54,28.49
676,ARI,2000,ARI2000,26.61,30.92,28.765
677,CHI,2000,CHI2000,26.83,31.19,29.01
678,SEA,2000,SEA2000,26.9,29.85,28.375
679,PHI,2000,PHI2000,26.94,29.09,28.015
680,IND,2000,IND2000,26.98,30.59,28.785
681,LAC,2000,SD2000,27.07,29.36,28.215
682,JAX,2000,JAX2000,27.25,30.45,28.85
683,SF,2000,SF2000,27.48,29.8,28.64
684,GB,2000,GB2000,27.76,30.42,29.09
685,DEN,2000,DEN2000,27.77,30.17,28.97
686,BUF,2000,BUF2000,27.79,31.49,29.64
687,CAR,2000,CAR2000,27.81,30.56,29.185
688,NYG,2000,NYG2000,27.92,30.3,29.11
689,DET,2000,DET2000,28.03,30.02,29.025
690,NO,2000,NO2000,28.31,31.28,29.795
691,LAR,2000,STL2000,28.43,30.65,29.54
692,WAS,2000,WAS2000,28.46,32.14,30.3
693,CLE,2000,CLE2000,28.48,32.35,30.415
694,DAL,2000,DAL2000,28.72,32.1,30.41
695,TB,2000,TB2000,28.89,31.29,30.09
696,MIN,2000,MIN2000,28.95,32.15,30.55
697,BAL,2000,BAL2000,29.11,30.63,29.87
698,PIT,2000,PIT2000,29.18,31.23,30.205
699,LV,2000,OAK2000,29.29,30.51,29.9
700,ATL,2000,ATL2000,29.43,33.01,31.22
701,TEN,2000,TEN2000,30.35,32.43,31.39
702,MIA,2000,MIA2000,30.4,33.04,31.72
703,CHI,1999,CHI1999,24.74,27.67,26.205
704,ARI,1999,ARI1999,25.45,28.77,27.11
705,CLE,1999,CLE1999,26.18,29.24,27.71
706,SEA,1999,SEA1999,26.48,28.06,27.27
707,BAL,1999,BAL1999,26.52,27.68,27.1
708,GB,1999,GB1999,26.52,29.63,28.075
709,NE,1999,NE1999,26.54,29.27,27.905
710,NYG,1999,NYG1999,26.66,30.41,28.535
711,PHI,1999,PHI1999,26.77,29.39,28.08
712,LAC,1999,SD1999,26.99,28.74,27.865
713,CIN,1999,CIN1999,27,29.74,28.37
714,WAS,1999,WAS1999,27.02,30.3,28.66
715,MIA,1999,MIA1999,27.22,30.18,28.7
716,KC,1999,KC1999,27.22,31.06,29.14
717,JAX,1999,JAX1999,27.33,29.65,28.49
718,NO,1999,NO1999,27.42,30.92,29.17
719,DEN,1999,DEN1999,27.62,30.49,29.055
720,MIN,1999,MIN1999,27.63,29.81,28.72
721,PIT,1999,PIT1999,27.64,30.32,28.98
722,DET,1999,DET1999,27.86,30.17,29.015
723,CAR,1999,CAR1999,27.89,32.57,30.23
724,SF,1999,SF1999,28.08,32.55,30.315
725,LV,1999,OAK1999,28.38,30.38,29.38
726,NYJ,1999,NYJ1999,28.61,31.22,29.915
727,BUF,1999,BUF1999,28.7,30.82,29.76
728,IND,1999,IND1999,28.84,31.14,29.99
729,ATL,1999,ATL1999,29.09,32.77,30.93
730,DAL,1999,DAL1999,29.12,31.61,30.365
731,TEN,1999,TEN1999,29.27,32.49,30.88
732,LAR,1999,STL1999,29.9,31.41,30.655
733,TB,1999,TB1999,30.24,32.01,31.125
734,ARI,1998,ARI1998,26.02,28.02,27.02
735,NYG,1998,NYG1998,26.03,28.39,27.21
736,LV,1998,OAK1998,26.06,28.16,27.11
737,WAS,1998,WAS1998,26.07,28.99,27.53
738,NE,1998,NE1998,26.46,30.15,28.305
739,IND,1998,IND1998,26.5,30.86,28.68
740,SEA,1998,SEA1998,26.93,28.88,27.905
741,LAR,1998,STL1998,27.17,31.55,29.36
742,SF,1998,SF1998,27.38,28.92,28.15
743,CAR,1998,CAR1998,27.4,30.02,28.71
744,PHI,1998,PHI1998,27.41,30.09,28.75
745,JAX,1998,JAX1998,27.42,29.08,28.25
746,CIN,1998,CIN1998,27.46,29.81,28.635
747,NO,1998,NO1998,27.47,31.17,29.32
748,KC,1998,KC1998,27.49,30.16,28.825
749,MIN,1998,MIN1998,27.49,29.2,28.345
750,LAC,1998,SD1998,27.5,31.14,29.32
751,GB,1998,GB1998,27.68,29.57,28.625
752,PIT,1998,PIT1998,27.95,30.47,29.21
753,DET,1998,DET1998,28.02,30.44,29.23
754,CHI,1998,CHI1998,28.19,31.79,29.99
755,BAL,1998,BAL1998,28.25,31.81,30.03
756,NYJ,1998,NYJ1998,28.55,30.63,29.59
757,TEN,1998,TEN1998,28.76,32.43,30.595
758,DEN,1998,DEN1998,28.76,29.99,29.375
759,BUF,1998,BUF1998,28.85,30.25,29.55
760,MIA,1998,MIA1998,29.43,31.69,30.56
761,DAL,1998,DAL1998,29.82,30.94,30.38
762,TB,1998,TB1998,29.85,33.23,31.54
763,ATL,1998,ATL1998,31.13,33,32.065
764,ARI,1997,ARI1997,26.99,30.63,28.81
765,DET,1997,DET1997,27.11,30.28,28.695
766,BAL,1997,BAL1997,27.19,29.78,28.485
767,LV,1997,OAK1997,27.31,30.08,28.695
768,BUF,1997,BUF1997,27.35,32.51,29.93
769,NYJ,1997,NYJ1997,28.03,29.57,28.8
770,CIN,1997,CIN1997,28.12,29.73,28.925
771,PHI,1997,PHI1997,28.34,29.81,29.075
772,WAS,1997,WAS1997,28.38,30.42,29.4
773,MIN,1997,MIN1997,28.61,31.63,30.12
774,LAC,1997,SD1997,28.74,30.07,29.405
775,GB,1997,GB1997,28.86,30.25,29.555
776,NYG,1997,NYG1997,28.92,29.4,29.16
777,DAL,1997,DAL1997,29,31.51,30.255
778,CHI,1997,CHI1997,29.12,31.84,30.48
779,NE,1997,NE1997,29.14,30.29,29.715
780,KC,1997,KC1997,29.19,30.12,29.655
781,MIA,1997,MIA1997,29.34,31.54,30.44
782,SEA,1997,SEA1997,29.36,31.04,30.2
783,DEN,1997,DEN1997,29.42,30.14,29.78
784,JAX,1997,JAX1997,29.56,30.86,30.21
785,CAR,1997,CAR1997,29.65,31.21,30.43
786,PIT,1997,PIT1997,29.87,30.99,30.43
787,NO,1997,NO1997,30.27,32.51,31.39
788,LAR,1997,STL1997,30.61,31.38,30.995
789,SF,1997,SF1997,31.18,33.03,32.105
790,ATL,1997,ATL1997,31.37,34.21,32.79
791,TEN,1997,TEN1997,31.42,33.7,32.56
792,IND,1997,IND1997,31.5,34.51,33.005
793,TB,1997,TB1997,32.05,33.38,32.715
794,LAC,1996,SD1996,25.09,27.63,26.36
795,BUF,1996,BUF1996,25.3,27.77,26.535
796,BAL,1996,BAL1996,25.4,29.24,27.32
797,NYJ,1996,NYJ1996,25.7,31.22,28.46
798,NE,1996,NE1996,25.96,27.83,26.895
799,ARI,1996,ARI1996,25.97,29.71,27.84
800,DET,1996,DET1996,26.47,29.2,27.835
801,SEA,1996,SEA1996,26.77,29.95,28.36
802,LAR,1996,STL1996,27.02,30.01,28.515
803,WAS,1996,WAS1996,27.16,29.06,28.11
804,CHI,1996,CHI1996,27.27,31.04,29.155
805,CIN,1996,CIN1996,27.37,29.04,28.205
806,KC,1996,KC1996,27.53,30.76,29.145
807,CAR,1996,CAR1996,27.67,29.27,28.47
808,MIN,1996,MIN1996,27.83,29.98,28.905
809,PHI,1996,PHI1996,27.95,30.08,29.015
810,NO,1996,NO1996,27.95,32.19,30.07
811,PIT,1996,PIT1996,28.04,29.74,28.89
812,NYG,1996,NYG1996,28.11,30.67,29.39
813,LV,1996,OAK1996,28.35,30.65,29.5
814,GB,1996,GB1996,28.37,29.54,28.955
815,JAX,1996,JAX1996,28.4,30.97,29.685
816,SF,1996,SF1996,28.42,30.33,29.375
817,DEN,1996,DEN1996,28.59,29.44,29.015
818,ATL,1996,ATL1996,28.7,32.71,30.705
819,MIA,1996,MIA1996,29,31.54,30.27
820,IND,1996,IND1996,29.02,32.44,30.73
821,TB,1996,TB1996,29.35,33.07,31.21
822,DAL,1996,DAL1996,29.4,31.35,30.375
823,TEN,1996,HOIL1996,30.66,32.24,31.45
824,NE,1995,NE1995,23.43,26.62,25.025
825,BUF,1995,BUF1995,24.66,25.68,25.17
826,CIN,1995,CIN1995,25.67,28.74,27.205
827,SEA,1995,SEA1995,26.12,29.14,27.63
828,DET,1995,DET1995,26.19,29.17,27.68
829,WAS,1995,WAS1995,26.32,28.92,27.62
830,DEN,1995,DEN1995,26.4,27.92,27.16
831,LAC,1995,SD1995,26.6,29.61,28.105
832,CAR,1995,CAR1995,26.96,29.41,28.185
833,CLE,1995,CLE1995,27.1,31.23,29.165
834,MIN,1995,MIN1995,27.13,29.91,28.52
835,NO,1995,NO1995,27.22,30.14,28.68
836,CHI,1995,CHI1995,27.3,29.17,28.235
837,LAR,1995,STL1995,27.35,31.53,29.44
838,PHI,1995,PHI1995,27.41,30,28.705
839,SF,1995,SF1995,27.48,29.15,28.315
840,PIT,1995,PIT1995,27.49,29.5,28.495
841,NYJ,1995,NYJ1995,27.71,31.36,29.535
842,NYG,1995,NYG1995,27.77,30.97,29.37
843,JAX,1995,JAX1995,27.8,30.25,29.025
844,LV,1995,OAK1995,27.82,30.7,29.26
845,KC,1995,KC1995,27.93,29.55,28.74
846,TB,1995,TB1995,28.17,31.04,29.605
847,ATL,1995,ATL1995,28.19,30.34,29.265
848,MIA,1995,MIA1995,28.2,31.36,29.78
849,GB,1995,GB1995,28.32,29.63,28.975
850,TEN,1995,HOIL1995,29.03,32.46,30.745
851,ARI,1995,ARI1995,29.15,32.37,30.76
852,DAL,1995,DAL1995,29.26,32.73,30.995
853,IND,1995,IND1995,31.35,34.54,32.945
854,NE,1994,NE1994,25.18,28.76,26.97
855,CIN,1994,CIN1994,25.46,28.52,26.99
856,BUF,1994,BUF1994,25.85,28.44,27.145
857,WAS,1994,WAS1994,26.16,29.09,27.625
858,DEN,1994,DEN1994,26.37,29.69,28.03
859,SEA,1994,SEA1994,26.7,30.13,28.415
860,KC,1994,KC1994,26.7,29.62,28.16
861,TEN,1994,HOIL1994,26.71,30.37,28.54
862,MIN,1994,MIN1994,27.03,30.11,28.57
863,LAC,1994,SD1994,27.24,29.69,28.465
864,GB,1994,GB1994,27.53,30.45,28.99
865,ATL,1994,ATL1994,27.55,30.87,29.21
866,PHI,1994,PHI1994,27.62,30.48,29.05
867,CLE,1994,CLE1994,27.67,29.96,28.815
868,NO,1994,NO1994,27.68,31.4,29.54
869,LAR,1994,LAR1994,27.82,31.8,29.81
870,DET,1994,DET1994,28.03,31.51,29.77
871,MIA,1994,MIA1994,28.06,31.7,29.88
872,LV,1994,LARD1994,28.67,31.49,30.08
873,NYJ,1994,NYJ1994,28.74,32.19,30.465
874,SF,1994,SF1994,28.77,30.7,29.735
875,TB,1994,TB1994,29.2,32.7,30.95
876,PIT,1994,PIT1994,29.24,31.46,30.35
877,NYG,1994,NYG1994,29.39,31.67,30.53
878,ARI,1994,ARI1994,29.52,34.53,32.025
879,CHI,1994,CHI1994,29.58,31.46,30.52
880,DAL,1994,DAL1994,29.64,30.9,30.27
881,IND,1994,IND1994,29.64,31.64,30.64
882,BUF,1993,BUF1993,24.07,24.86,24.465
883,NE,1993,NE1993,26.21,29.92,28.065
884,IND,1993,IND1993,26.33,30.6,28.465
885,LAC,1993,SD1993,26.34,29.15,27.745
886,MIA,1993,MIA1993,26.47,28.72,27.595
887,SEA,1993,SEA1993,26.79,30.6,28.695
888,WAS,1993,WAS1993,26.92,29.88,28.4
889,CIN,1993,CIN1993,27.37,29.95,28.66
890,LAR,1993,LAR1993,27.55,31.24,29.395
891,TEN,1993,HOIL1993,27.57,29.85,28.71
892,DEN,1993,DEN1993,27.74,30.2,28.97
893,MIN,1993,MIN1993,27.91,30.96,29.435
894,SF,1993,SF1993,28.04,30.5,29.27
895,NO,1993,NO1993,28.1,30.68,29.39
896,PIT,1993,PIT1993,28.14,30.26,29.2
897,PHI,1993,PHI1993,28.16,31.3,29.73
898,TB,1993,TB1993,28.33,31.63,29.98
899,KC,1993,KC1993,28.44,30.28,29.36
900,GB,1993,GB1993,28.47,30.7,29.585
901,DAL,1993,DAL1993,28.89,31.01,29.95
902,LV,1993,LARD1993,29.04,31.99,30.515
903,CHI,1993,CHI1993,29.05,31.74,30.395
904,DET,1993,DET1993,29.3,32,30.65
905,CLE,1993,CLE1993,29.37,33.08,31.225
906,ATL,1993,ATL1993,29.4,35.02,32.21
907,ARI,1993,PHO1993,29.52,31.75,30.635
908,NYJ,1993,NYJ1993,29.67,32.76,31.215
909,NYG,1993,NYG1993,29.7,32.21,30.955
